관광지명,주소,공공편익시설정보,주차가능수,소개,관리기관전화번호,위도,경도
임진각관광지,경기도 파주시 문산읍 임진각로 177,관리사무실+관광안내매표소1층+화장실3동+홍보관1층+상황실2층+오수처리장1층+기반시설(도로+광장+주차장),2091,,031-950-1871,37.8893177,126.740081
공릉관광지,경기도 파주시 조리읍 장곡로 218,관리사무소+화장실4동+도로+광장+주차장,350,,031-945-2250,37.7498111,126.8335655
송정관광지,경상남도 남해군 미조면 미송로 483,샤워탈의장/화장실(2동)+관리사무실(2동)+오수처리장+주차장,387,,055-860-8615,34.7231451,128.0249666566
예당국민관광지,충청남도 예산군 응봉면 예당관광로 161,관리사무소+화장실(6동)+주차장,185,,041-339-8282,36.63801252,126.799434
덕산온천관광단지,충청남도 예산군 덕산면 온천단지2로 11,관광안내소+화장실(2동)+주차장,350,,041-339-7303,36.69075649,126.659328
만리포 관광지,충청남도 태안군 소원면 만리포2길 190-3,106173.5,1760,,041-670-2770,,
심우장,서울특별시 성북구 성북로29길 24,화장실,0,,02-741-4693,37.5936268,126.9916662
길상사,서울특별시 성북구 선잠로5길 68(성북동),화장실,50,,02-3672-5945,37.59895542,126.9943663
한국가구박물관,서울특별시 성북구 대사관로121,화장실+라운지,35,,02-745-0181,37.60001178,126.9932084
성류굴 관광지,경상북도 울진군 근남면 성류굴로 202,"도로,주차장,광장,화장실,오수처리장",91,,054-789-5402,36.95884825,129.3794409
백암온천 관광지,경상북도 울진군 온정면 온천로 7,"도로,주차장,정류장,공원,녹지,소하천,온천공,소방시설,국유림관리소,배수지",501,,054-789-5480,36.72132775,129.343467
대광해수욕장,전라남도 신안군 임자면 대광해수욕장길 179,화장실(6동)+주차장(4개소)+취사장(5동)+관리사업소(1동),1000,,061-240-4049,35.1029127579,126.0725116633
반월호수,경기도 군포시 호수로 92,화장실,1,,031-392-3000,37.3245823842,126.8899642222
초막골 생태공원,경기도 군포시 초막골길 216,화장실,1,,031-392-3000,37.3541009709,126.9191416994
수리산 도립공원,경기도 군포시 속달로 347-4,화장실,1,,031-8008-8265,37.3479964585,126.9005247934
수리산 산림욕장,경기도 군포시 수리산로 6-2,화장실,1,,031-392-3000,37.3576152712,126.9236481004
철쭉동산,경기도 군포시 고산로 460,화장실,1,,031-392-3000,37.3556081320,126.9269137321
수리사,경기도 군포시 속달로 347-181,화장실,1,,031-438-1823,37.3544360665,126.8967938163
물누리체험관,경기도 군포시 호수로 170-85,화장실,1,,031-390-8688,37.3213650505,126.8996775289
누리천문대,경기도 군포시 대야2로 139,화장실,1,,031-504-7100,37.3302828307,126.9153443922
장흥관광지,경기도 양주시 장흥면 권율로 193,관광안내소+화장실+주차장,502,,031-8082-5664,37.73281632,126.9492504
송광사&벚꽃길,전라북도 완주군 소양면 송광수만로 255-16,주차장,40,,063-243-8091,35.885763,127.2417509
괴강,충청북도 괴산군 괴산읍 충민로검승3길 10,"도로, 주차장, 관리사무소, 이벤트광장",140,,043-830-3820,36.80676203,127.8252917
수옥정,"충청북도 괴산군 연풍면 수옥정길 174, 수옥정관광지관리사무소","주차장, 배수지, 공중화장실, 오수처리장, 관리사무소, 도로 및 광장",120,,043-830-2683,36.81361722,128.036232
무극전적국민관광지,충청북도 음성군 음성읍 생음대로 594,감우재전승기념관+화장실+주차장,15,,043-871-5930,36.95063812,127.646982
담양호국민관광지,전라남도 담양군 용면 월계리 149-67,"관리사무소, 공중화장실, 전망대, 정수장, 주차장, 도로등",500,,061-380-2793,35.403522,126.996118
죽녹원,전라남도 담양군 담양읍 죽녹원로 119,"관리사무소, 공중화장실, 전망대, 정자등",70,,061-380-2780,35.325384,126.9866176
삼례책마을,전라북도 완주군 삼례읍 삼례역로 68,"주차장, 카페, 무인서점",30,,063-290-2614,35.90745719,127.065756
메타세쿼이아랜드,전라남도 담양군 담양읍 학동리 578-4,"메타세쿼이아길 L=2.1km, 어린이프로방스, 영화세트장, 개구리생태공원, 에코허브센터, 호남기후변화체험관, 매표소 3개소, 검표소 6개소, 쉼터 2개소, 화장실 4개소등",2000,,061-380-3142,35.323386,127.001852
소쇄원,전라남도 담양군 가사문학면 소쇄원길 17,관리사무소(매표소),90,,061-380-2811,35.18433957,127.0121779
한국대나무박물관,전라남도 담양군 담양읍 죽향문화로 35,관리사무소(매표소),150,,061-380-2901,35.30934385,126.9764073
한국가사문학관,전라남도 담양군 가사문학면 가사문학로 877,"한옥형 본관, 매표소, 화장실 등",90,,061-380-2701,35.18796351,127.0054854
슬로시티삼지내마을,전라남도 담양군 창평면 돌담길 56-24,"관리사무소, 공중화장실",300,,061-380-3152,35.23525084,127.0178938
오색관광지,강원도 양양군 서면 가라피리 165,관리사무소+주차장+하수도시설+도로+취사장+공중화장실,1000,,033-670-2724,38.077641,128.510721
지경관광지,강원도 양양군 현남면 지리 5-1,주차장,1500,,033-670-2724,37.9277211,128.794439
설해원(양양국제공항),강원도 양양군 손양면 동호리 510-28,"주차장,경비실,직원숙소,",2500,,033-670-2724,38.0555560775,128.6641979295
그림책미술관,전라북도 완주군 삼례읍 삼례역로 48-1,주차장,5,,063-290-2614,35.90832046,127.068059
대한민국술테마박물관,전라북도 완주군 구이면 덕천전원길 232-58,관리사무소+화장실(5동)+주차장,40,,063-290-3854,35.72601868,127.136162
무궁화오토캠핑장,전라북도 완주군 고산면 고산휴양림로 89,"주차장, 화장실",100,,063-290-2762,35.97398132,127.2315513
놀토피아,전라북도 완주군 고산면 대아저수로 416,"주차장, 화장실",100,,070-4100-1100,35.98879491,127.261342
오성한옥마을,전라북도 완주군 소양면 오도길 73,"주차장, 숙박시설, 카페",100,,063-243-1022,35.90695186,127.2367573
완주전통문화체험장,전라북도 완주군 고산면 대아저수로 416,"주차장, 화장실",100,,070-4100-1100,35.98879491,127.261342
청소년전통문화체험관,전라북도 완주군 고산면 대아저수로 416,"주차장, 화장실",100,,070-4100-1100,35.98879491,127.261342
해인사,경상남도 합천군 가야면 해인사길 122,관리사무소,1,,055-934-3001,35.801504,128.0976255
중랑캠핑숲,서울특별시 망우로87길 110,없음,0,,02-434-4371,37.606893,127.1106971521
옹기테마공원,서울특별시 신내로21길 116,없음,0,,02-2094-1813,37.6126537169,127.0885193591
순천향매실마을,전라남도 순천시 월등면 계월길 138,"체험관 1, 숙박동 1, 휴게시설 1, 화장실 1",42,,061-754-2337,35.06212349,127.4045173
순천생태마을,전라남도 순천시 승주읍 고산도목길 9,"화장실, 안내소, 생태체험관, 주차장",6,,061-755-0141,35.06648711,127.3602718
거차뻘배체험마을,전라남도 순천시 별량면 거차길 130,"화장실, 샤워장, 뻘배체험장",50,,061-742-8837,34.8375993,127.4474457
낙안민속자연휴양림,전라남도 순천시 낙안면 민속마을길 1600,"화장실, 취사장, 샤워장, 민속놀이체험장, 숲체험교실",50,,061-754-4400,34.91351224,127.3534026
부평아트센터,인천광역시 부평구 아트센터로 166,"수유실, 놀이방",259,,032-500-2000,37.4822383,126.7049334
기후변화체험관,인천광역시 부평구 장제로 267,수유실,4,,032-509-3900,37.50932668,126.7307645
부평역사박물관,인천광역시 부평구 굴포로 151,해당없음,31,,032-515-6471,37.51214216,126.7379081
부평안전체험관,인천광역시 부평구 굴포로 110,해당없음,65,,032-509-3940,37.51098789,126.7333177
인천나비공원,인천광역시 부평구 평천로 26-47,수유실,24,,032-509-8824,37.52026697,126.6927245
은평역사한옥박물관,서울특별시 은평구 연서로50길 8,"장난감도서관, 휴게실, 화장실 등",26,,02-351-8525,37.6403324561,126.9380102120
금성당,서울특별시 은평구 진관2로 57-23,화장실,0,,02-388-6522,37.6351354710,126.9253799732
용마폭포공원,서울특별시 중랑구 용마산로 250-12,없음,0,,02-2094-2965,37.5733520089,127.0891138
망우리공원,서울특별시 망우로 570,없음,0,,02-2094-1812,37.5983536213,127.1148163842
탑산약수온천,경상북도 의성군 봉양면 도리원2길 88-42,관리사무소 + 화장실 + 주차장,200,,054-830-6097,36.3039619471,128.5892642391
대둔산도립공원,전라북도 완주군 운주면 대둔산공원길 23,관리사무소+케이블카,300,,063-290-2742,36.11708032,127.3328815
고산자연휴양림,전라북도 완주군 고산면 고산휴양림로 246,"물놀이장, 물썰매장, 임간수련장, 숲속의집, 야영장, 삼림욕장, 등산로",200,,063-290-2766,35.96224205,127.2328719
모악산도립공원,전라북도 완주군 구이면 모악산길 91,관리사무소+공영주차장,300,,063-290-2753,35.72946608,127.1098589
대아수목원&대아호,전라북도 완주군 동상면 대아수목로 94-34,"수목원, 천연림, 건축시설, 교육시설",145,,063-280-4590,35.97623865,127.3003851
위봉사&위봉폭포&위봉산성,전라북도 완주군 소양면 위봉길 53,주차장,20,,063-243-7657,35.9105769,127.2572831
화암사,전라북도 완주군 경천면 화암사길 271,"주차장, 공중화장실",20,,063-261-7576,36.06629938,127.2872339
비비정,전라북도 완주군 삼례읍 비비정길 96-9,주차장,20,,063-211-7788,35.90154901,127.071693
비비정예술열차,전라북도 완주군 삼례읍 비비정길 73-21,"주차장,레스토랑, 아트숍, 카페",20,,063-211-7788,35.89880244,127.0676418
상관 공기마을 편백숲,전라북도 완주군 상관면 죽림편백길 191-24,"공영주차장, 공중화장실",100,,063-290-2624,35.737491,127.2023884
삼례문화예술촌,전라북도 완주군 삼례읍 삼례역로 81-13,관리사무소+화장실(3동)+주차장,30,,063-290-2614,35.9062351305,127.0658535487
여수세계박람회장,전라남도 여수시 박람회길 1,화장실,1909,,1577-2012,34.7521895579,127.7465005087
여수해양공원,전라남도 여수시 하멜로 96,화장실,214,,061-659-3962,34.7367669832,127.7484079149
예술랜드리조트,"전라남도 여수시 돌산읍 무술목길 142-1,","화장실, 푸드코트",0,,1522-2600,34.6951070227,127.7769452235
여수이순신대교,전남 여수시 묘도7길 110,화장실,0,,061-807-2020,34.888766,127.705501
불갑사관광지,전라남도 영광군 불갑면 불갑사로 450,관광안내소(350-4889),3400,,061-350-5758,35.199675,126.550047
협재관광지,제주특별자치도 제주시 한림읍 협재리 2450,관리사무소+화장실(4동)+취사장(2동)+샤워탈의장(2동)+주차장,534,,064-728-2762,33.3935073,126.2384709
곽지관광지,제주특별자치도 제주시 애월읍 곽지리 1566,관리사무소+화장실(2동)+주차장+목욕장,331,,064-728-2762,33.4499564,126.3041171
김녕관광지,제주특별자치도 제주시 구좌읍 김녕리 497-5,관리사무소+화장실(2동)+주차장+샤워탈의장+취사장+여름파출소,234,,064-728-2762,33.5548971,126.7656156
장림포구,부산광역시 사하구 장림로 93번길 72(장림동),화장실,0,,051-220-4502,35.07915955,128.9513486
꽃보라동산,대구광역시 북구 산격동 1500-6,화장실+벤치+벚꽃길,50,,053-665-4324,35.889576,128.601059
운암지수변공원,대구광역시 북구 구암동 349,화장실+데크로드+분수대+생활공원+유아숲체험원,50,,053-665-4324,35.932633,128.567671
팔달대교 야경,대구광역시 북구 팔달동 524-4,조명시설,0,,053-665-4324,35.895353,128.550766
금호강하중도,대구광역시 북구 노곡동 673,화장실+주차장,2000,,053-665-4324,35.900092,128.559326
경북대학교 캠퍼스,대구광역시 북구 대학로80,화장실+주차장+휴게시설,5000,,053-665-4324,35.88909849,128.6143217
함지공원,대구광역시 북구 동암로38길 9,화장실+주차장+음악공원시설+물놀이시설+휴게시설,100,,053-665-4324,35.9424608,128.570482
구암서원,대구광역시 북구 연암공원로17길 20,화장실+주차장+관광안내시설+휴게시설,30,,053-665-4324,35.89881592,128.5989989
침산정,대구광역시 북구 침산남로9길 118,화장실+주차장+휴게시설,50,,053-665-4324,35.897221,128.5848591
두타연,강원도 방산면 두타연로 297,"화장실, 주차장",50,,033-480-2278,38.272446,127.995484
한반도섬,강원도 양구군 양구읍 고대리 649-1,"화장실, 주차장",100,,033-480-2237,38.130582,127.982972
용평관광단지,"강원도 평창군 대관령면 용산리, 수하리 일원","주차장, 화장실",2837,,033-330-2746,37.660871,128.666483
알펜시아관광단지,강원도 평창군 대관령면 솔봉로 325 일원,"주차장, 화장실",2800,,033-330-2746,37.6552224,128.681494
휘닉스파크관광단지,강원도 평창군 봉평면 태기로 174 일원,"주차장, 화장실",2800,,033-330-2746,37.581373,128.327331
김포평화누리길 1코스,경기도 김포시 대곶면 대명리 561(대명항),대곶면행정복지센터,0,,031-5186-4031,37.6596942,126.5590043
김포평화누리길 2코스,경기도 김포시 월곶면 성동리 산49(문수산성),월곶면행정복지센터,0,,031-5186-4031,37.7429948,126.5467533
김포평화누리길 3코스,경기도 김포시 하성면 전류리 43-4(전류리 포구),하성면행정복지센터,0,,031-5186-4031,37.7491124,126.6147154
김포 장릉,경기도 김포시 장릉로 79(풍무동),"풍무동 주민센터,풍무동 홈플러스",70,,031-980-2482,37.6107519,126.7126583
애기봉 평화생태공원,경기도 김포시 평화공원로 289,월곶면사무소,56,,031-989-6034,37.7431684,126.5940634
선바위관광지,경상북도 영양군 입암면 영양로 883-16,"화장실, 주차장, 문화관광해설사 대기소",70,,054-680-5375,36.60854407,129.0820141
오동도,전라남도 여수시 오동도로 222,"화장실, 동백열차",356,,061-659-1819,34.7443435,127.764121
진남관,전라남도 여수시 동문로 11,화장실,102,,061-659-5710,34.7413383,127.7365704127
향일암,전라남도 여수시 돌산읍 향일암로 60,화장실,109,,061-644-0309,34.59379448,127.8029861
여수해상케이블카,전라남도 여수시 자산4길 39,화장실,244,,061-664-7301,34.7402223,127.7529196721
방동관광지,강원도 인제군 기린면 방동약수로 89-59,화장실+주차장,250,,033-460-2083,37.94387136,128.3962628
오토테마파크,강원도 인제군 기린면 상하답로 130,화장실+주차장,900,,033-460-2385,38.00266835,128.2952729
선암사,전라남도 순천시 승주읍 선암사길 450,"화장실, 매표소, 주차장, 종무소(안내소), 기념품판매소(선각당, 금강서적)",330,,061-754-6250,34.99656229,127.3311259
에코촌유스호스텔,전라남도 순천시 해룡면 생태배움길 123,화장실,45,,061-749-4816,34.922700,127.5169021
순천자연휴양림,전라남도 순천시 서면 청소년수련원길 170,"화장실, 취사장, 샤워장",80,,061-749-8948,35.04388083,127.4744949
기독교역사박물관,전라남도 순천시 매산길 61(매곡동),"작은 도서관, 안내데스크",4,,061-749-4530,34.96043473,127.4801207
승주골프장,전라남도 순천시 별량면 오실길 333,주차장,400,,061-740-8181,34.901740,127.447780
파인힐스골프장,전라남도 순천시 주암면 송광사길 99,"클럽하우스, 락카룸, 사우나",300,,061-750-9000,35.04162939,127.270748
레이크힐스골프장,전라남도 순천시 주암면 행정1길 77,"클럽하우스, 락카룸, 사우나",400,,061-729-8888,35.04705487,127.3030952
녹진관광지,전라남도 진도군 군내면 녹진리 산2-14,화장실(3동)+주차장(5개소)+관광안내소(1동),310,,061-540-3442,34.568986,126.300201
회동관광지,전라남도 진도군 고군면 신비의바닷길 148,화장실(4동)+주차장(4개소)+관광안내소(1동),350,,061-540-3442,34.42726548,126.3513474
아리랑마을관광지,전라남도 진도군 임회면 아리랑길 95-5,화장실(2동)+주차장(3개소),150,,061-540-3442,34.38201529,126.2310334
대장경테마파크,경상남도 합천군 가야면 가야산로 1160,관리사무소,1,,055-930-4696,35.76749785,128.1365362
오도산 자연휴양림,경상남도 합천군 봉산면 오도산휴양로 398,치유의 숲,1,,055-930-3733,35.67233319,128.0553007
합천박물관,경상남도 합천군 쌍책면 황강옥전로 1558,관리사무소,1,,055-930-4882,35.58042271,128.2829423
황매산군립공원,경상남도 합천군 가회면 황매산공원길 4,주차장,1,,055-930-4753,35.48184913,128.0037495
영상테마파크&청와대세트장,경상남도 합천군 용주면 합천호수로 757,관리사무소,1,,055-930-4693,35.54877253,128.0728984
합천댐 물문화관,경상남도 합천군 대병면 합천호수로 197,주차장,1,,055-930-5205,35.531585,128.0295197
황계폭포,경상남도 합천군 용주면 황계2길 30,화장실,1,,055-930-4663,35.51135706,128.071173
정양레포츠공원,경상남도 합천군 대양면 동부로 39-13,오토캠핑장,1,,055-930-4663,35.55690191,128.1668052
정양늪생태공원,경상남도 합천군 대양면 대야로 730,화장실,1,,055-930-3296,35.55322772,128.162786
해인사 소리길,경상남도 합천군 가야면 가야산로 1160,화장실,1,,055-930-8000,35.76749785,128.1365362
변산해수욕장,전라북도 부안군 변산면 변산로 2086,관리사무소+화장실+주차장,0,,063-580-4739,35.67999179,126.5309105
보라매축구공원,광주광역시 광산구 신촌동 83-5,화장실+주차장+관광안내소,100,,062-960-8114,35.13932032,126.8229701
운남동근린공원,광주광역시 광산구 목련로 156,화장실+주차장,40,,062-960-8114,35.17144137,126.8159402
경암근린공원,광주광역시 광산구 하남대로54번안길 133,주차장+화장실,50,,062-960-8711,35.17828124,126.8000842
무양서원,광주광역시 광산구 산월로21번길 26,화장실+주차장,20,,062-960-8252,35.21001305,126.8400956
용아생가,광주광역시 광산구 소촌로46번길 24,화장실+주차장,10,,062-960-8251,35.149486,126.7951682
1913송정역시장,광주광역시 광산구 송정로8번길 13,화장실+주차장,50,,062-941-6605,35.13642721,126.7919415
경장각,광주광역시 광산구 용아로 460,화장실+주차장,10,,062-940-8225,35.184433,126.805391
양림역사문화마을,광주광역시 남구 양림동 314,주차장+화장실+관광안내소,100,,062-607-2432,35.13870389,126.9160141
부용정,광주광역시 남구 고싸움로 2,화장실+주차장,10,,062-613-3463,35.06974381,126.8375167
다산초당,전라남도 강진군 도암면 다산초당길 68-35,관리사무소,50,,061-430-3911,34.5807210995,126.7449444892
고려청자박물관,전라남도 강진군 대구면 청자촌길 33,"관리사무소, 화장실",100,,061-430-3755,34.5086620320,126.8008374078
백련사,전라남도 강진군 도암면 백련사길 145,"관리사무소, 화장실",50,,061-432-0837,34.5877565782,126.7478920175
고씨굴 관광지,강원도 영월군 김삿갓면 영월동로 1111,화장실(2동)+주차장+관광안내소+전기+통신+상하수도시설,470,,033-375-6556,37.1311777926,128.5352623134
영랑생가,전라남도 강진군 강진읍 영랑생가길 15,관리사무소,50,,061-430-3185,34.6420738,126.7655710978
을지전망대,강원도 양구군 해안면 전망대로 540,"화장실, 주차장",20,,033-480-2674,38.3247414638,128.1355517642
제4땅굴,양구군 해안면 땅굴로 454,"화장실, 주차장",40,,033-480-2674,38.3196354237,128.1107276057
국토정중앙천문대,강원도 양구군 남면 국토정중앙로 127,"화장실, 주차장",55,,033-480-2586,38.0689400086,128.0296779964
"양구자연생태공원(생태식물원,DMZ야상화분재원,DMZ야생동물생태관)",강원도 양구군 동면 숨골로 310번길 169,"화장실, 주차장",50,,033-480-2529,38.191978,128.0769702285
김포국제조각공원,경기도 김포시 월곶면 용강로13번길 38,월곶면사무소,221,,031-980-2482,37.72080378,126.552204
아트빌리지(한옥마을),경기도 김포시 모담공원로 170,"화장실, 주차장",142,,031-996-6836,37.6466321,126.696212
오전약수관광지,경상북도 봉화군 물야면 문수로 1541,관리사무소+화장실+상하수도시설+주차장,500,,054-679-6354,37.01209531,128.7457209
다덕약수관광지,경상북도 봉화군 봉성면 다덕로 873,관리사무소+화장실+주차장,120,,054-679-6354,36.9141215,128.8273232
주왕산 관광지,경상북도 청송군 주왕산면 주왕산로 494,관리사무소+주차장+진입광장+도로+배수지+오수처리장,708,,054-870-6239,36.37813214,129.108598
호미곶관광단지,경상북도 포항시 남구 호미곶면 해맞이로 136,공중화장실+잔디밭,223,,054-270-2244,36.07608308,129.5665319
신륵사관광지,경기도 여주시 신륵사길 73,관광안내소+주차장,1830,,031-887-2070,37.29742583,127.6599364
함평해수찜,전라남도 함평군 손불면 석산로 61,X,100,,061-320-1784,35.10050068,126.4648643
함평자연생태공원,전라남도 함평군 대동면 학동로 1398-77,X,100,,061-320-2851,35.13500123,126.5056999542
함평양서파충류생태공원,전라남도 함평군 신광면 학동로 1398-9,X,100,,061-320-2874,35.13834076,126.4937003445
함평엑스포공원,전라남도 함평군 함평읍 곤재로 27,X,100,,061-320-2204,35.0581392332,126.5226055585
일강김철선생기념관,전라남도 함평군 신광면 일강로 873-12,X,10,,061-320-1455,35.1889310262,126.4801235166
위도해수욕장,전라북도 부안군 위도면 위도로 366,관리사무소+화장실+주차장,0,,063-583-3804,35.6058309773,126.2853294341
모항해수욕장,전라북도 부안군 변산면 모항길 23-1,관리사무소+화장실+주차장,0,,063-580-4738,35.5831428,126.5082098
최참판댁,경상남도 하동군 악양면 평사리길 66-7,화장실(4동)+주차장,230,,055-880-2381,35.1559090452,127.688408
경산온천,경상북도 경산시 남산면 상대로116길 18,상대온천웨딩홀+커피,100,,053-810-5363,35.78037855,128.7922287
좌구산휴양랜드,충청북도 증평군 증평읍 솟점말길 107,관리사무소+화장실+주차장,230,,043-835-4553,36.70556821,127.6511216
좌구산 천문대,충청북도 증평군 증평읍 솟점말길 107,관리사무소+화장실+주차장,24,,043-835-4573,36.70556821,127.6511216
증평민속체험박물관,충청북도 증평군 증평읍 둔덕길 89,관리사무소+화장실+주차장,50,,043-835-4153,36.7638886,127.5955694
그림책도서관,전라남도 순천시 도서관길 33(동외동),"화장실, 수유실",20,,061-749-8892,34.9579091,127.4860252
순천시청소년수련원,전라남도 순천시 서면 청소년수련원길 167,화장실,100,,061-749-5522,35.0449418,127.4742467
순천용오름마을,전라남도 순천시 주암면 운룡2길 17,"화장실, 테마체험관,",50,,061-754-2416,35.0921171,127.2022244
온달관광지,충청북도 단양군 영춘면 온달로 23,화장실+주차장,265,,043-423-8820,37.06295564,128.4929221
천동관광지,충청북도 단양군 단양읍 다리안로 520,화장실+주차장,80,,043-423-3589,36.97401141,128.4165952
다리안관광지,충청북도 단양군 단양읍 소백산등산길 12,화장실+주차장,155,,043-423-1243,36.9647819,128.4207808
도림사,전라남도 곡성군 곡성읍 도림로 175,공중화장실,100,,061-362-2727,35.26727743,127.2575047
섬진강 기차마을,전라남도 곡성군 오곡면 기차마을로 232,"기차마을 사무실, 관광안내소, 수유실",1000,,061-360-8636,35.27753157,127.3082867
가우도,전라남도 강진군 대구면 중저길 31-27,"낚시공원1, 휴게시설1, 식당2, 쉼터2",100,,061-430-3344,34.53639075,126.791046
보강천 미루나무숲,충청북도 증평군 증평읍 인삼로 23,관리사무소+화장실+주차장,50,,043-835-4533,36.7873273,127.5728127
증평인삼판매장,충청북도 증평군 증평읍 중부로 2451,관리사무소+화장실+주차장,118,,043-835-3734,36.79588146,127.5817602
에듀팜특구관광단지(벨포레리조트),충청북도 증평군 도안면 벨포레길 346,관리사무소+화장실+주차장,2776,,1566-0162,36.84514868,127.5821182
인천도호부청사,인천광역시 미추홀구 매소홀로 589,"관리사무소,화장실,주차장",50,,032-422-3492,37.4393787007,126.6868134399
고구려대장간마을,경기도 구리시 우미내길 41,관리사무소+화장실+주차장,100,,031-550-8355,37.56080787,127.1109492
동구릉,경기도 구리시 동구릉로 197번길,관리사무소+화장실+주차장,109,,031-563-2909,37.618696,127.134226
금강하구둑관광지,충청남도 서천군 마서면 장산로 855번길 56-2,종합안내소+주차장+화장실,486,,041-950-4018,36.01993599,126.736726
화개장터,경상남도 하동군 화개면 쌍계로 15,화장실(2동)+주차장,300,,055-880-2381,35.1879894558,127.6240666255
남원관광지,전라북도 남원시 양림길 12,관리사무소 주차장 화장실 등,255,,063-620-8911,35.4024809544,127.3861367148
광주광역시백범기념관,광주광역시 동구 천변우로 599,주차장+화장실+관광안내소,30,,062-233-2477,35.13113791,126.926364
광주광역시학생독립기념관,광주광역시 서구 학생독립로 30,화장실+주차장,50,,062-221-5532,35.14058722,126.865043
조선대학교 장미원,광주광역시 동구 필문대로 309,화장실+주차장,1000,,062-230-7114,35.14600564,126.9343635
산동교친수공원,광주광역시 북구 동림동 130-15,화장실+주차장,50,,062-410-6793,35.18969955,126.8619726
푸른길공원,광주광역시 남구 주월동 355-5,화장실+주차장,20,,062-675-3280,35.13325855,126.898694
원효사,광주광역시 북구 금곡동 산 209-13,주차장+화장실+관광안내소,210,,062-266-0326,35.14874455,126.983272
문화근린공원,광주광역시 북구 대천로 86,화장실+주차장,20,,062-410-8000,35.1849167,126.9166857
영산강거징이쉼터,광주광역시 북구 신용동 368,화장실+주차장,0,,062-410-8000,35.2128207,126.855218
광주광역시천천변공원,광주광역시 북구 임동 618,화장실+주차장,1000,,062-410-8000,35.1665834,126.8857554
전남대학교용지,광주광역시 북구 용봉동 81-2,화장실+주차장,1000,,062-530-5114,35.17388133,126.9111447
맥문동숲길,광주광역시 북구 문흥동 1012,화장실+주차장,30,,062-971-6467,35.18561007,126.9216152
용봉초록습지,광주광역시 북구 용봉동 1027,화장실+주차장,50,,062-971-6467,35.18332703,126.8898185
추사박물관,경기도 과천시 추사로 78,도로+주차장+화장실,33,,02-2150-3650,37.4530047663,127.0287157
순천만국가정원,전라남도 순천시 국가정원1호길 47,"ATM, 의료센터, 체험학습센터, 공중전화, 물품대여소, 물품보관소, 분실물보관소, 종합안내소, 매표소, 수유실, 어린이보호소, 노약자/장애인 보호소, 대형버스기사쉼터",3530,,061-749-2910,34.92888588,127.4999591
순천만습지,전라남도 순천시 순천만길 513-25(대대동),"순천만쉼터, 공예·특산품관, 안내소,유모차대여,양산대여",600,,061-749-6052,34.88553578,127.5096727
낙안읍성,전라남도 순천시 낙안면 충민길 30(동내리),"주차장, 화장실, 음수대, 매표소, 관광안내소, 전시가옥, 체험장, 자료관, 교통통제소",565,,061-749-8840,34.90632579,127.3417663
드라마촬영장,전라남도 순천시 비례골길 24(조례동),"화장실,수유실",170,,061-749-4540,34.9583743,127.5381867
뿌리깊은나무박물관,전라남도 순천시 낙안면 평촌3길 45,"박물관 쉼터, 물품보관소, 매표소, 안내데스크",40,,061-749-8855,34.9036464,127.3399827
송광사,전라남도 순천시 송광면 송광사안길 100,쉼터,300,,061-755-0107,35.00680596,127.2761941
춘장대,충청남도 서천군 서면 춘장대길 20,종합안내소+주차장+화장실+취사장,300,,041-950-4091,36.16334922,126.5243355
태조산관광지,충청남도 천안시 동남구 태조산길 261,주차장,300,,041-550-2520,36.82207666,127.1889559
삼성궁,경상남도 하동군 청암면 삼성궁길 2,화장실(2동)+주차장,100,,055-884-1279,35.2387009275,127.7054287916
하동야생차박물관,경상남도 하동군 화개면 쌍계로 571-25,화장실(2동)+주차장,50,,055-880-2956,35.2277321517,127.6426921460
빛가람호수공원전망대,전라남도 나주시 호수로 77,화장실,104,,061-333-1501,35.0152195,126.7811718
천안종합휴양관광지,충청남도 천안시 동남구 성남면 종합휴양지로 200,주차장,500,,041-906-7000,36.75731215,127.2240961
순천컨트리클럽,전라남도 순천시 별량면 동화사길 85,골프장,150,,061-720-0000,34.86653556,127.4059214
부영컨트리클럽,전라남도 순천시 해룡면 신대로 188,ATM,150,,061-816-5533,34.94005246,127.5555065
서동요역사관광지,충청남도 부여군 충화면 충신로 618,관리사무소+주차장+화장실,150,,041-830-2222,36.145896,126.824678
백제문화관광단지,충청남도 부여군 규암면 백제문로 400,주차장+화장실,3000,,041-830-2222,36.303913,126.900639
은파관광지,전라북도 군산시 은파순환길9 (나운동),관리사무소+화장실+주차장+잔디관장,982,,063-454-3362,35.95536227,126.6890748
금강호관광지,전라북도 군산시 성산면 철새로 120,주차장+광장+화장실+관리사무소,1055,,063-454-3344,36.0198785573,126.7653058
농월정,경상남도 함양군 안의면 농월정길 9-35,도로+주차장+관리사무소+화장실,150,,055-960-4520,35.62464301,127.7815571
문수산성,경기도 김포시 월곶면 성동리 산50,월곶면사무소,0,,031-980-2482,37.7429948,126.5467533
김포함상공원,경기도 김포시 대곶면 대명항1로 110-36,대곶면행정복지센터,100,,031-980-2489,37.6406387,126.539261
덕포진,경기도 김포시 대곶면 덕포진로103번길 90,대곶면사무소,10,,031-980-2482,37.6506248,126.5387862
덕포진교육박물관,경기도 김포시 대곶면 덕포진로103번길 90,대곶면사무소,10,,031-980-2482,37.6506248,126.5387862
다도박물관,경기도 김포시 월곶면 애기봉로275번길 187-49,월곶면사무소,50,,031-980-2482,37.7375035,126.5744366
산토끼노래동산,경상남도 창녕군 이방면 이방로 623,안내소(매표소)+주차장+화장실,195,,055-530-1534,35.5777232620,128.3835799595
광주광역시공원&광주광역시향교,광주광역시 남구 중앙로 107번길 15,화장실+주차장,50,,062-672-0660,35.14707323,126.9100957
포충사,광주광역시 남구 포충로 767,화장실+주차장,50,,062-374-4212,35.08945325,126.8484326
광주광역시어린이교통공원,광주광역시 북구 임방울대로 877,화장실+주차장+관광안내소,150,,062-972-0054,35.21837394,126.8544969
국립광주광역시과학관,광주광역시 북구 첨단과기로 235,화장실+주차장,200,,062-960-6210,35.22990781,126.8498705
국립광주광역시박물관,광주광역시 북구 하서로 110,화장실+주차장+관광안내소,200,,062-570-7000,35.18965658,126.8839515
김대중 컨벤션센터,광주광역시 서구 상무누리로 30,화장실+주차장+관광안내소,1000,,062-611-2000,35.14677706,126.8404805
역사문화공원,광주광역시 광산구 왕버들로 331,주차장+화장실+관광안내소,50,,062-960-8711,35.19467258,126.8452966
국립나주박물관,전라남도 나주시 반남면 고분로 747,"화장실, 회의실",200,,061-330-7885,34.9144962,126.6574509
영산포 역사갤러리,전라남도 나주시 영산3길 17 영산포,화장실,-,,061-331-1755,35.0006914,126.7093485
나주복암리고분전시관,전라남도 나주시 다시면 백호로 287,화장실,56,,061-337-0090,34.9961663,126.6538838
일본인근대가옥,전라남도 나주시 예향로 3869-4,화장실,2,,061-334-7726,35.0009356,126.7112913
안면도 관광지(꽃지지구),충청남도 태안군 안면읍 승언리 339-586,"화장실, 주차장, 상하수도시설, 관광안내소,가로등",555,,041-635-3891,36.502545,126.335955
초당관광지,강원도 삼척시 근덕면 미근로 1629,광장+주차장,140,,033-570-3547,37.37650408,129.2047561
구드래관광지,충청남도 부여군 부여읍 구교리 17-4,광장+선착장+조각공원,300,,041-830-2222,36.287127,126.907274
왜목마을 관광지,충청남도 당진시 석문면 왜목길 26,"화장실, 주차장, 공연장 보유",150,,041-350-3592,37.04443421,126.5261293
난지도 관광지,충청남도 당진시 석문면 난지도리 599,"화장실 , 주차장, 관리사무소, 어린이놀이시설",115,,041-350-3592,37.042646,126.422393
구드래,충청남도 부여군 부여읍 백강로 135,문화관광해설사의 집+화장실+주차장,1000,,041-830-2214,36.28711854,126.9048797
서동요,충청남도 부여군 충화면 충신로 616,"화장실, 주차장, 청소년수련원, 축구장,농구장 등",500,,041-830-2214,36.145203,126.8236629
백제문화단지,충청남도 부여군 규암면 백제문로 455,"화장실, 주차장, 안내소, 관리사무소",1381,,041-408-7290,36.30757158,126.9084946
춘장대해수욕장,충청남도 서천군 서면 춘장대길 20,관리사무소+화장실(8동)+주차장2동,700,,041-950-4091,36.16334922,126.5243355
칠갑산 도림온천,충청남도 청양군 장평면 적곡리 471-8,관리사무소+터미널+주차장+오수처리장+광장,191,,041-940-2492,36.389488,126.906103
남당,충청남도 홍성군 서부면 남당리 859-2,관광안내소+화장실+주차장,408,,041-630-1254,36.539203,126.471666
예당관광지,충청남도 예산군 응봉면 후사리 448-1,관리사무소+화장실(3동)+주차장(3개소)+휴게소(1개소)+야외공연장,421,,041-339-7303,36.63752257,126.7989717
덕산온천,충청남도 예산군 덕산면 온천단지2로 11,관리사무소+화장실(3동)+주차장(3개소)+족욕장(1개소),1000,,041-339-7304,36.69075649,126.659382
만리포해수욕장 관광지,충청남도 태안군 소원면 모항리 1395,"주차장(2개소), 공중화장실(5개소), 상하수도시설, 관광안내소(1동), 가로등, 경관조명가로등",342,,041-670-2771,36.783122,126.143469
장호관광지,강원도 삼척시 근덕면 삼척로 2154,관리사무소+주차장,800,,033-570-3547,37.2868038,129.3079336
신정호국민관광지,충청남도 아산시 신정로 616,"관리사무소,화장실,주차장,변전실",670,,041-540-8725,36.7715214106,126.9839151707
아산온천관광지,충청남도 아산시 송악면 도송로632번길 138,"관리사무소,화장실,주차장,일반광장",350,,041-540-2689,36.6988475905,126.9666068657
나주영상테마파크,전라남도 나주시 공산면 덕음로 450,화장실,800,,061-335-7008,34.9789507,126.5995011
남파고택,전라남도 나주시 금성길 13,화장실,20,,061-332-6100,35.0306171,126.716220
반남고분군,전라남도 나주시 반남면 고분로 756,화장실,100,,061-336-1151,34.914685,126.6591998
백호문학관,전라남도 나주시 다시면 회진길 8,화장실,20,,061-335-5008,34.996891,126.6647524
안동문화관광지,안동시 관광단지로 346-30 (성곡동),"주차장,관리사무소,수변공원 등",458,,054-840-5817,36.5695076,128.7786154
이바구공작소,부산광역시 동구 망양로486번길 14-13,없음,4,,051-440-4815,35.11709964,129.0338233
장기려더나눔센터,부산광역시 동구 영초윗길 48,없음,2,,051-440-4815,35.11853593,129.0326526
이바구충전소,부산광역시 동구 영초윗길 25,없음,0,,051-440-4815,35.1173502804,129.0346860290
168계단 부대시설,부산광역시 동구 영초윗길26번길 14,없음,0,,051-440-4815,35.11769766,129.0353474
김민부전망대,부산광역시 동구 영초윗길26번길 14,없음,0,,051-440-4815,35.11769766,129.0353474
유치환의 우체통,부산광역시 동구 망양로580번길 2,없음,0,,051-440-4815,35.12209542,129.0338423
소흥관(한중우호센터),부산광역시 동구 초량중로 36,없음,0,,051-440-4815,35.11507608,129.0375502
만화체험관,부산광역시 동구 성북로 42-1,없음,2,,051-440-4815,35.1377804133,129.0497943616
안용복기념 부산포개항문화관,부산광역시 동구 증산로 100,없음,0,,051-440-4815,35.13563677,129.0529467
좌천동굴,부산광역시 동구 고관로185번길 1,없음,0,,051-440-4815,35.13325838,129.0522683
남당,충청남도 홍성군 서부면 남당리 859-2,관광안내소+화장실+주차장,408,,041-630-1300,36.539203,126.471666
삽교호 관광지,충청남도 당진시 신평면 삽교천3길 79,"화장실, 주차장, 공연장, 근린시설 보유",1000,,041-350-3592,36.89060981,126.8244092
간절곶 공원,울산광역시 울주군 서생면 간절곶해안길 205,주차장+화장실,580,,052-204-1753,35.3625312,129.3591079
명승 거창 수승대,경상남도 거창군 위천면 은하리길 2,관리사무소+취사장+화장실+관광안내소,483,,055-940-8532,35.760923,127.8336763
가조온천,경상남도 거창군 가조면 온천길161,관리사무소+주차장+공원,168,,055-940-3443,35.69875771,128.0231044
공룡박물관,전라남도 해남군 황산면 공룡박물관길 234,"휴게실, 매점",500,,061-530-5941,34.58908885,126.442833
송정자연휴양림,경상북도 칠곡군 석적읍 반계3길 88,관리사무실+화장실+주차장+야영장+숙박시설+샤워장+취사장,100,,054-979-6000,36.023332,128.441641
회산백련지,전라남도 무안군 일로읍 백련로 333,"화장실, 주차장, 전기시설, 통신시설, 상하수도시설, 매표소",563,,061-450-5863,34.86034808,126.5300096
하회관광지,안동시 풍천면 전서로 206,관리사무소 주차장 매표소 화장실 등,500,,054-840-5820,36.5489594,128.5274931
어답산관광지,강원도 횡성군 갑천면 어답산로 516,"캠핑장, 계곡",400,,033-340-5981,37.59380861,128.0575207
주남저수지,경상남도 창원시 의창구 동읍 주남로 101번길 26,관리사무소+화장실+주차장+전망대+생태학습관+람사르문화관,44,,055-225-3481,35.30732964,128.6779306
마금산온천,경상남도 창원시 의창구 북면 천주로 1167,화장실+주차장+족욕장+쉼터,910,,055-225-3641,35.35464845,128.6094168
창원과학체험관,경상남도 창원시 성산구 충혼로 72번길 16,화장실+주차장+카페테리아,106,,055-267-2676,35.230268,128.6617774
마산해양레포츠센터,경상남도 창원시 마산합포구 제2부두로 56,강의실+탈의실+화장실,0,,055-712-0454,35.19796654,128.5759021
웅천도요지전시관,경상남도 창원시 진해구 두동도요로 198,화장실+주차장+체험공방,30,,055-225-6851,35.12738997,128.8155983
진해해양레포츠센터,경상남도 창원시 진해구 천자로 160,주차장+화장실+탈의실+샤워실+강의실,27,,055-712-0445,35.14129989,128.6883002
수동관광지,경기도 남양주시 수동면 비룡로 1635,몽골문화촌,119,,031-559-8018,37.75797919,127.2753596
산청전통한방휴양관광지,경상남도 산청군 금서면 동의보감로555번길 45-6,6개소,200,,055-970-6633,35.44106575,127.8293609
산청중산관광지,경상남도 산청군 시천면 지리산대로 525,6개소,165,,055-970-7222,35.29329703,127.7549296
산청금서관광지,경상남도 산청군 금서면 친환경로 1715,1개소,100,,055-970-7222,35.394237,127.847052
구)나주역,전라남도 나주시 죽림길 26,N,16,,061-330-7823,35.0280742,126.7240915
노안천주교회,전라남도 나주시 노안면 이슬촌길 108,화장실,10,,061-336-8900,35.1035406,126.6729169
나주시천연염색박물관,전라남도 나주시 다시면 백호로 379,화장실,80,,061-335-0091,34.9941709,126.660678
나주목문화관,전라남도 나주시 금성관길 15,화장실,100,,061-332-5432,35.0322924,126.7135485
중흥골드스파&리조트,전라남도 나주시 다도면 나주호로 558-314,화장실,3000,,061-339-5000,34.9482971,126.8692314
마이산도립공원 일원,전라북도 진안군 마령면 마이산남로 182,"화장실(6개소), 파고라,NFC(8개소)",862,,063-430-8752,35.757066,127.393795
용담호및주변시설,전라북도 진안군 안용로 793,"휴게소 및 망향의동산(6개소), 화장실(5개소)",100,,063-430-4263,35.946973,127.525991
운장산자연휴양림,전라북도 진안군 정천면 휴향림길 77,"도로, 관리사무소, 공중화장실3개소, 오수처리장",200,,063-432-1193,35.895328,127.425691
데미샘자연휴양림,전라북도 진안군 백운면 데미샘1길 172,"도로, 관리사무소, 공중화장실2개소, 오수처리장",100,,063-290-6991,35.651308,127.464888
칠곡보오토캠핑장,경상북도 칠곡군 약목면 강변서로 110-43,전기시설+상하수도시설+화장실+샤워장,100,,054-974-7997,36.020591,128.394566
진안고원치유의숲,전라북도 진안군 봉학로 171-22,"도로, 관리사무소, 공중화장실3개소, 오수처리장",100,,063-433-1666,35.885974,127.403479
가위박물관,전라북도 진안군 진안읍 마이산로 258,"전시실, 수장고, 사무실, 뮤지업숍",100,,063-430-8745,35.766161,127.414949
창원단감테마공원,경상남도 창원시 의창구 동읍 동읍로 359번길 27,화장실+주차장+파고라+초가동,80,,055-225-5581,35.29915488,128.6632468
창원의집,경상남도 창원시 의창구 사림로 16번길 59,관광안내소+화장실+주차장,40,,055-284-2600,35.24444959,128.6813533
오수의견관광지,전라북도 임실군 오수면 충효로 2096-16,관리사무소+화장실,0,,063-640-2941,35.54520338,127.3326779
사선대관광지,전라북도 임실군 관촌면 사선2길 68-7,관리사무소+화장실등,0,,06-640-2921,35.672357,127.2746265
쌍근어촌체험마을,경상남도 거제시 남부면 남부해안로 1094,화장실+ 샤워장+ 취사장,30,,055-635-6238,34.762399,128.589438
씨라인,경상남도 거제시 덕포5길 32-3,화장실,50,,055-688-2351,34.91111602,128.7102346
오션어드벤처,경상남도 거제시 일운면 거제대로 2660,화장실+ 샤워장,30,,1588-4888,34.843791,128.702943
옥포대첩기념공원,경상남도 거제시 팔랑포2길 87,화장실,50,,055-639-8129,34.902196,128.714059
조선해양문화관,경상남도 거제시 일운면 지세포해안로 41,화장실,30,,055-639-8270,34.833694,128.701885
지심도,경상남도 거제시 일운면 지심도길 56-12,화장실,20,,055-639-4193,34.820647,128.751037
칠천량해전공원,경상남도 거제시 하청면 칠천로 265-39,화장실,40,,055-639-8250,34.977629,128.628247
포로수용소유적공원,경상남도 거제시 계룡로 61,화장실,100,,055-639-0625,34.87637998,128.625371
거제해금강,경상남도 거제시 남부면 갈곶리 산 1,없음,0,,055-639-3404,34.732851,128.683858
외도,경남 거제시 일운면 외도길 17,화장실,0,,055-681-4541,34.769507,128.711805
공곶이,경상남도 거제시 일운면 와현리 87,없음,50,,055-639-4183,34.799878,128.715007
김영삼전대통령생가기록전시관,경상남도 거제시 장목면 옥포대첩로 743,화장실,15,,055-639-8290,34.931413,128.715439
문동휴양지,경상남도 거제시 문동동 산 8,화장실,50,,055-639-4183,34.859998,128.664094
대운산 내원암 계곡,울산광역시 울주군 온양읍 대운상대길 382,화장실+주차장,500,,052-204-2343,35.39913422,129.2309807
가산산성,경상북도 칠곡군 동명면 남원리 32-78,사무실+주차장+화장실,200,,054-880-8334,36.021011,128.590851
가산산성야영장,경상북도 칠곡군 동명면 한티로 1034,사무실+화장실,220,,054-880-8300,36.016197,128.618108
구상문학관,경상북도 칠곡군 왜관읍 구상길 191,사무실+화장실+주차장,10,,054-973-0039,35.983943,128.394568
다부동전적기념관,경상북도 칠곡군 가산면 호국로 1486,관리사무실+화장실+주차장,150,,054-973-6313,36.046443,128.518875
칠곡호국평화기념관,경상북도 칠곡군 석적읍 강변대로 1580,식당+화장실+수유실+사무실,300,,054-979-5502,36.017918,128.404032
칠곡양떼목장,경상북도 칠곡군 지천면 창평로 209-42,사무실+주차장+화장실+양떼목장,100,,054-972-8833,35.984545,128.488740
가산수피아,경상북도 칠곡군 가산면 학하들안2길 105,관리실+야영장+수영장+사계절썰매장+공룡뜰+배움뜰+미술관,500,,054-971-9861,36.086109,128.485044
국립칠곡숲체원,경상북도 칠곡군 석적읍 유학로 532,관리실+숲체원+체험장,100,,054-977-8773,36.063539,128.466183
태조산,충청남도 천안시 동남구 유량동 22-1,주차장+화장실,200,,041-521-2772,36.82207666,127.1889559
곰나루,충청남도 공주시 웅진동 347,관리사무소+주차장+화장실(1동)+수영장+활터+박물관,1137,,041-840-8561,36.46658989,127.1075716
마곡사관광지,충청남도 공주시 사곡면 운암리 731-2,"관광안내소,화장실,주차장,전기차충전기,운동장",290,,041-840-8088,36.555956,127.020175
마곡온천관광지,충청남도 공주시 사곡면 온천길 53,"관리사무소, 화장실3, 주차장, 하수처리장",1086,,041-840-8068,36.54396787,127.0122224
공주문화관광지,충청남도 공주시 웅진동 533,아트센터+이벤트광장+주차장+마을회관,1592,,041-840-8049,36.462397,127.104615
신정호관광지,충청남도 아산시 신정로 616,"관리사무소, 화장실3동, 주차장, 야외음악당, 바비큐장",153,,041-540-2822,36.77152186,126.9839153
아산온천관광지,충청남도 아산시 음봉면 아산온천로157번길 67,"주차장, 공원, 숙박시설 등",300,,041-540-2822,36.85530263,126.9782463
간월도관광지,충청남도 서산시 부석면 간월도리 680,"화장실, 주차장, 전기시설, 통신시설, 상하수도시설, 관광안내소",509,,041-660-2373,36.605751,126.417111
부례관광지,경상북도 고령군 우곡면 우곡강변길 672,"관리사무실(매표소) 1동, 개수대, 야외음수대",29,,054-955-2332,35.67179721,128.3596243
한국코미디타운,경상북도 청도군 이서면 이서로 565,주차장+화장실,27,,054-372-8700,35.69358881,128.6863121
소싸움테마파크,경상북도 청도군 화양읍 남성현로 346,화장실+쉼터,45,,054-373-2076,35.68529236,128.724138
청도레일바이크,경상북도 청도군 청도읍 하지길 46-51,화장실,100,,054-373-2426,35.58811543,128.7661723
청도자전거공원,경상북도 청도군 청도읍 유호리 39-15,화장실+공원,50,,054-373-2425,35.58765883,128.7653536
청도신화랑풍류마을,경상북도 청도군 운문면 운문로 2455,주차장+화장실,219,,054-370-7300,35.71807519,128.9223074
새마을운동발상지기념공원,경상북도 청도군 청도읍 새마을1길 34,기념관+공원,100,,054-372-5500,35.60019163,128.7661495
청도소싸움경기장,경상북도 청도군 화양읍 남성현로 348,의무실+수유실+식당+초보고객안내실+종합안내소,850,,054-370-7500,35.68673395,128.7251463
와인터널,경상북도 청도군 화양읍 송금길 100,화장실,100,,054-371-1904,35.71513567,128.7205341
프로방스 포토랜드,경상북도 청도군 화양읍 이슬미로 272-20,없음,300,,054-372-5050,35.68355077,128.7188703
고래불관광지,경상북도 영덕군 병곡면 병곡리 72-8,관리사무소(2동)+주차장+화장실(6동)+샤워장(5동)+하계휴양소+취사동(4동),1000,,054-730-6513,36.600476,129.410658
장사해수욕장관광지,경상북도 영덕군 남정면 동해대로 3592,관리사무소+주차장+화장실(3동)+샤워장(2동)+광장,297,,054-730-6513,36.2824187049,129.3755938472
예천포리관광지,경상북도 예천군 감천면 복골길 150,주차장+화장실+휴게공간,150,,054-650-6394,36.70015808,128.514204
예천삼강,경상북도 예천군 풍양면 삼강리길 53-23,"도로, 마당, 종합안내센터, 주차장, 공급처리시설, 화장실",100,,054-650-6035,36.5637839295,128.3045089577
금마관광지,전라북도 익산시 금마면 고도9길 41-14,광장+안내시설+화장실+주차장+만남의장,451,,063-0859-5827,36.0015063,127.0570781
미륵사지관광지,전라북도 익산시 금마면 미륵사지로 362,주차장+광장+안내소+화장실,150,,063-0859-5827,36.011542323,127.0287138606
왕궁보석테마 관광지,전라북도 익산시 왕궁면 호반로 8,주차장+광장+관광안내시설,236,,063-0859-5827,35.9906127926,127.1025486315
웅포관광지,전라북도 익산시 웅포면 강변로 25,주차장+화장실+샤워장+취사장및음수대,100,,063-0859-5827,36.0658139063,126.8754192725
운일암반일암,전라북도 진안군 주천면 동상주천로 1924,"도로, 관리사무소, 공중화장실 7개소, 오수처리장",500,,063-430-2554,35.979875,127.396028
대가야생활촌,경상북도 고령군 대가야읍 신남로 81,"관리사무실 1동(매표소), 고객쉼터(1동), 수유실(2동), 기념품판매점(1동), 공중화장실(3동), 문화관광안내소 및 복식체험존(1동), 연못 1개소, 어린이 놀이터 1개소, 물놀이시설 1개소, 전시관 3개소",198,,054-950-7180,35.7118532,128.269244
대가야역사테마관광지,경상북도 고령군 대가야읍 대가야로 1216,"관리사무실(매표소) 및 기념품판매점 1동, 수유실(1동), 공중화장실(2동), 문화관광안내소(1동), 연못 1개소, 어린이놀이터 1개소, 물놀이시설 1개소, 음악분수",178,,054-950-7005,35.72008263,128.2596761
청도박물관,경상북도 청도군 이서면 이서로 567,화장실+주차장+고고역사관+민속관+전시실+어린이체험실,40,,054-370-2282,35.6942561,128.6865383
바람의언덕,경상남도 거제시 남부면 갈곶리 산14-47,화장실,150,,055-639-4183,34.742256,128.662967
우제봉전망대,경남 거제시 남부면 갈곶리 산2-16,없음,200,,055-639-4793,34.732023,128.673563
청마기념관,경상남도 거제시 둔덕면 방하2길 6,화장실,20,,055-635-8340,34.854887,128.517123
씨월드,경상남도 거제시 일운면 지세포해안로 15,화장실,30,,055-682-0330,34.835848,128.701478
알로에테마파크,경상남도 거제시 거제면 거제남서로 3937,화장실,30,,055-632-9907,34.835716,128.560282
노을이물드는언덕,경상남도 거제시 사등면 창호리 1475,화장실,10,,055-639-4183,34.954616,128.519341
가조수협효시공원,경상남도 거제시 사등면 가조서로 7,화장실,20,,055-639-8341,34.929516,128.525144
백룡동굴,강원도 평창군 미탄면 문희길 63,"화장실, 세면장",40,,033-330-2746,37.27786356,128.577051
화순온천,전라남도 화순군 백아면 옥리길 14-7,관리사무소+공중화장실+온천공+배수지+단지내도로 등,536,,061-379-3532,35.1624699,127.0837781
이효석문화예술촌,강원도 평창군 봉평면 효석문학길 73-25,화장실,250,,033-330-2746,37.61317426,128.3701239
마하생태관광지,강원도 평창군 미탄면 마하리 일원,주차장,199,,033-330-2746,37.2924471,128.5419693
천안종합휴양,충청남도 천안시 동남구 성남면 종합휴양지로 185,주차장+화장실,1334,,041-521-5159,36.75613028,127.2248886
천안 골드힐카운티 리조트 관광단지,충청남도 천안시 서북구 입장면 기로3길 162,관리사무소+주차장,3093,,041-521-5159,36.89202245,127.2484702
성기동,전라남도 영암군 군서면 왕인로 440,비지터센터+화장실(9동)+주차장,860,,061-470-6653,34.75653201,126.6291224
마한문화,전라남도 영암군 시종면 남해당로 65,비지터센터+화장실(3동)+주차장,85,,061-470-6672,34.89539241,126.5859196
영산호관광지,전라남도 영암군 삼호읍 녹색로 653-11,관리사무소+화장실(8동)+주차장,375,,061-462-2798,34.776135,126.4577774
한려수도조망케이블카,경상남도 통영시 발개로 205,화장실+카페+음식점+휴게공간,206,,055-649-3804,34.82665041,128.4251243
한산도 제승당,경상남도 통영시 한산면 한산일주로 70,화장실+휴게소,0,,055-254-4483,34.79264032,128.4759648
통영루지,경상남도 통영시 발개로 178,화장실,350,,055-650-0621,34.82440908,128.4241617
박경리기념관,경상남도 통영시 산양읍 산양중앙로 173,화장실,23,,055-650-2541,34.802301,128.4035792
해저터널,경상남도 통영시 당동 1-3,관광안내소,0,,055-650-0514,34.83609021,128.4116979916
장사도해상공원,경상남도 통영시 한산면 장사도길 55,화장실+카페+음식점+휴게공간,0,,055-650-0514,34.71373747,128.5588706
통영시립박물관,경상남도 통영시 중앙로 65,화장실+카페+음식점+휴게공간,32,,055-650-4515,34.84075153,128.4167887
삼도수군통제영,경상남도 통영시 세병로 27,화장실,140,,055-645-3805,34.84715495,128.423489
춘천호반(삼악산),강원도 춘천시 서면 경춘로 1401-25,도로+관리사무소 2동+주차장+화장실 3동+오수처리장+배수지,202,,033-250-3075,37.825714,127.659368
청평사,강원도 춘천시 북산면 오봉산길 622,도로+주차장+하수처리장 1동+관리사무소 2동+매표소 2동+화장실 3동+다목적광장,162,,033-250-3714,37.983441,127.818301
구곡폭포,강원도 춘천시 남산면 강촌구곡길 254,관리사무소 1동+주차장+공중화장실 4동+주륜장+오수처리장+배수지+도로,242,,033-250-3668,37.797033,127.615852
석정온천관광지,전라북도 고창군 고창읍 석정2로 173,도로+주차장+공원+광장+화장실,840,,063-560-2456,35.43111098,126.7405968
도곡온천,전라남도 화순군 도곡면 온천2길 44,관리사무소+공중화장실+온천공+배수지+단지내도로 등,462,,061-379-3532,35.02470562,126.903529
운주사,전라남도 화순군 도암면 천태로 91-44,야외공연장+하수처리장+잔디광장+화장실+주차장+사진문화관,380,,061-379-3531,34.9290633328,126.8825634940
황령산관광지,부산광역시 수영구 황령산로 156,관리사무소+화장실+주차장,80,,051-610-3211,35.1552432,129.1029084
용대관광지,강원도 인제군 북면 십이선녀탕길 16,화장실+주차장,300,,033-460-2083,38.18568475,128.3064484
5.18기념공원,광주광역시 서구 내방로 152,화장실+주차장,100,,062-376-5197,35.15830536,126.8575559
무각사,광주광역시 서구 운천로 230,화장실+주차장,30,,062-383-0108,35.15378107,126.8560181
창작농성골,광주광역시 서구 월산로173번길 15-1,주차장,20,,062-365-4114,35.15297291,126.8929141
유적근린공원,광주광역시 서구 천변우하로 469,화장실,0,,062-360-7114,35.16879873,126.8714435
청춘발산마을,광주광역시 서구 천변좌로108번길 17-13,화장실,0,,062-464-0020,35.15917994,126.8919941
화담사,광주광역시 서구 화운로156번길 17-8,화장실+주차장,35,,062-368-3330,35.15352999,126.8784258
요트올림픽동산지구,부산광역시 해운대구 APEC로 30,관리사무소 1동+공중화장실 3동+도로포장+원형분수 1개소+연못 1개소+파고라 1동+기념동산 1개소+녹지 1개소,398,,051-749-4081,35.16578256,129.1350266
동백섬,부산광역시 해운대구 동백로 116,공중화장실 2동+도로+전망대 1개소+수목+잔디 1개소,101,,051-749-4081,35.15234205,129.1513619
해운대해수욕장,부산광역시 해운대구 해운대해변로 264,도로+광장+공중화장실 4동+주차장 1개소+관리사무소 1동+변전실 1동,203,,051-749-4081,35.15910698,129.1602838
마곡사관광지,충청남도 공주시 사곡면 운암리 731-2,화장실+주차장,100,,1899-0088,36.5561713566,127.020329
공주문화관광지,충청남도 공주시 웅진동 431,화장실+주차장+관리사무소+관광안내소,100,,1899-0088,36.4707618338,127.1108054958
지리산 온천관광지,전라남도 구례군 산동면 지리산온천로 261,"소방서파출소, 관광안내소, 주차장, 하수처리장, 산수유꽃축제상설행사장, 청소년수련관",10000,,061-780-2544,35.3184937,127.4577881
문경 철로자전거(가은역),경상북도 문경시 가은읍 대야로 2445,관리사무소+화장실(동)+주차장(개소),30,,054-553-8300,36.64931827,128.0607306
문경 오미자테마터널,경상북도 문경시 마성면 신현리 103-1,관리사무소+화장실(동)+주차장(개소),300,,054-554-5212,36.65989315,128.1286031
"고모산성, 토끼비리",경상북도 문경시 마성면 신현리 산30-1,관리사무소+화장실(동)+주차장(개소),80,,054-550-6408,36.661492,128.1269726
문경짚라인,경상북도 문경시 불정길 174,관리사무소+화장실(동)+주차장(개소),60,,054-553-1788,36.62285644,128.1367824
문경 종합온천,경상북도 문경시 문경읍 온천2길 24,관리사무소+화장실(동)+주차장(개소),1000,,054-571-2002,36.72937376,128.1089547
문경 활공랜드,경상북도 문경시 문경읍 고요리 436-2,관리사무소+화장실(동)+주차장(개소),30,,054-571-4675,36.7362239,128.1517095
불정자연휴양림,경상북도 문경시 불정길 180,관리사무소+화장실(동)+주차장(개소),50,,054-552-9443,36.62128207,128.1365074
옥계해변관광지,강원도 강릉시 옥계면 금진리 799-16일원,화장실+주차장+샤워장,180,,033-640-5685,37.62739946,129.0476423
주문진해변관광지,강원도 강릉시 주문진읍 향호리 8-22일원,화장실+주차장+샤워장,250,,033-640-5685,37.91137845,128.8178804
연곡해변관광지,강원도 강릉시 연곡면 동덕리 99-13일원,관리사무소+화장실+주차장+샤워장,120,,033-640-5685,37.858992,128.851409
등명해변관광지,강원도 강릉시 강동면 정동진리 440-41일원,화장실+주차장,120,,033-640-5685,37.70264843,129.0164178
대관령어흘리관광지,강원도 강릉시 성산면 어흘리 508일원,화장실+주차장,0,,033-640-5685,37.719113,128.793989
대성관광지,경기도 가평군 청평면 대성강변길 14,공중화장실(2동)+운영(1동),25,,031-580-4633,37.67999086,127.3799217
산장관광지,경기도 가평군 상면 덕현산장길 71 산장관광지,도로+주차장+관리사무소+홍수위관리소,156,,031-580-2516,37.75420886,127.4105873
문경새재 도립공원,경상북도 문경시 문경읍 새재로 932,"관리사무소+화장실(31동 - 수세식 12동, 재래식 19동)+주차장(4개소)",2320,,054-550-8351,36.76160207,128.0769905
문경 에코랄라(석탄박물관 포함),경상북도 문경시 가은읍 왕능길 112,관리사무소+화장실(동)+주차장(개소),375,,054-550-6398,36.65420039,128.0613259
문경 철로자전거(진남역),경상북도 문경시 마성면 신현리 126-1,관리사무소+화장실(동)+주차장(개소),58,,054-553-8300,36.6546769,128.1263292
문경 철로자전거(구랑리역),경상북도 문경시 마성면 구랑로 20,관리사무소+화장실(동)+주차장(개소),64,,054-553-8300,36.66102501,128.0993075
영모정,전라남도 나주시 다시면 회진길 14-8,화장실,5,,061-339-8613,34.9972536,126.6649382
남고문,전라남도 나주시 남내동 2-20,N,200,,061-330-7823,35.0295791,126.7183107
유현문화관광지,강원도 횡성군 서원면 경강로유현1길 30,"성당, 유물전시관",60,,033-340-5986,37.5290321124,127.8186828637
웰리힐리파크 관광단지,강원도 횡성군 둔내면 고원로 451,"스키장,콘도,골프장",500,,1544-8833,37.4901261112,128.2501389201
도래마을(홍기옥 가옥),전라남도 나주시 다도면 동력길 16,화장실,30,,061-336-3675,34.9982734,126.8203117
정수루,전라남도 나주시 금성관길 13-20,N,100,,061-330-8114,35.0321775,126.7160575
나주향교,전라남도 나주시 향교길 38,화장실,15,,061-334-2369,35.0335556,126.7093249
완사천,전라남도 나주시 완사천길 14,화장실,500,,061-339-8613,35.0154791,126.7118546
목사내아,전라남도 나주시 금성관길 13-8,화장실,100,,061-332-6565,35.0320205,126.7143379
이심원충신정려현판,충청남도 계룡시 금암1 길 7(금암동),주차장,2,,042-840-2402,36.280034,127.2470773156
신원재,충청남도 계룡시 두마면 왕대2길43,주차장,5,,042-840-2402,36.255245,127.270342
광덕계곡관광지,강원도 화천군 사내면 포화로 일원,"관리사무소2개소, 일반광장1개소, 공중화장실7개소, 주차장13개소, 오수처리장1개소",200,,033-440-2562,38.107700000,127.441200000
팔봉산관광지,강원도 홍천군 서면 한치골길 1124,관리사무소+화장실+주차장,150,,033-430-2471,37.703098,127.695183
대명비발디파크,강원도 홍천군 서면 한치골길 262,관리사무소+화장실+주차장,2000,,033-430-2471,37.645275,127.682271
불회사,전라남도 나주시 다도면 다도로 1224-142,화장실,20,,061-337-3440,34.9085344,126.8212738
금성관,전라남도 나주시 금성관길 8,화장실,100,,061-339-8613,35.0328694,126.7144929
양천고성지,서울특별시 강서구 양천로47나길 52-54,없음,0,,02-2600-6456,37.57425363,126.8413319
궁산땅굴역사전시관,서울특별시 강서구 양천로49길 106,없음,0,,02-2600-6552,37.57266746,126.8383649
허가바위,서울특별시 강서구 허준로5길 15,없음,0,,02-2600-6080,37.56983571,126.8500301
삼척해수욕장,강원도 삼척시 수로부인길 453,관리사무소+주차장+광장+화장실(2동)+샤워장,1400,,033-570-3547,37.47034344,129.1647024
맹방관광지,강원도 삼척시 근덕면 상맹방길 30-80,관리사무소+주차장+화장실(1동),500,,033-570-3547,37.39591618,129.2207941
사계고택,충청남도 계룡시 두마면 사계로 122-4,관리사무소+화장실(1동)+주차장,10,,042-840-2402,36.265691,127.271724
모원재,충청남도 계룡시 두마면 왕대2길6-10,화장실(1동)+주차장,35,,042-840-2402,36.254886,127.2732752845
염선재,충청남도 계룡시 사계로 5-16(금암동),주차장,2,,042-840-2402,36.2693923,127.261851
영도관광안내센터,부산광역시 영도구 봉래나루로 79,화장실+주차장,2,,051-419-4048,35.09454127,129.0387847
허준근린공원,서울특별시 강서구 허준로5길 42,화장실+주차장,10,,02-2600-4185,37.56759867,126.8537291
양천향교,서울특별시 강서구 양천로47나길 53,화장실,0,,02-2659-0076,37.572863,126.839905
약사사,서울특별시 강서구 금낭화로17길 261,화장실+주차장,50,,02-2664-2550,37.58312625,126.8050072
마니산 국민관광지,인천광역시 강화군 화도면 마니산로675번길 18,관리사무소(2동)+분리수거장(2동)+창고(2동)+석교(7동)+목교(3동)+담수보(6동)+배수지(2동)+화장실(12동)+주차장(11개소)+매표소+정수장+물탱크(5동)+정화시설+샤워실,1293,,032-930-7068,37.63245827,126.4237957
간월도관광지,충청남도 서산시 부석면 간월도리 산33 일원,"화장실, 주차장",139,,041-660-2373,36.60625263,126.4177537
서산류방택천문기상과학관,충청남도 서산시 인지면 무학로 1353-4,"사무실, 화장실, 주차장",25,,041-661-8009,36.72735767,126.4131464
서산버드랜드,충청남도 서산시 부석면 천수만로 655-73,"화장실(5동), 주차장, 안내소(4개소)",200,,041-661-8046,36.62951253,126.378389
용현자연휴양림,충청남도 서산시 운산면 마애삼존불길 339,"관리사무소, 화장실, 주차장",98,,041-664-1978,36.7518805,126.6076383
해미읍성,충청남도 서산시 해미면 남문2로 143,"사무실, 화장실, 주차장",24000,,041-661-8003,36.71355717,126.5503842
고석정,강원도 철원군 동송읍 태봉로 1825,"시설물관리사업소, 주차장, 화장실, 매표소, 오수처리장, 도로 및 광장, 임꺽정상, 분수대관광정보센터, 관광안내소",628,,033-450-5534,38.18542141,127.2874037
직탕,강원도 철원군 갈말읍 직탕길 32,"도로, 주차장, 화장실, 산책로, 자전거도로, 오수처리장, 관리사무소",192,,033-450-5534,38.2069247,127.2690548
오-월드,대전광역시 중구 사정공원로 70(사정동),"유모차대여소, 수유실, 의무실, 고객지원센터, 물품보관소",1545,,042-580-4820,36.28749924,127.3985039
뿌리공원,대전광역시 중구 뿌리공원로 79(침산동),"관광안내소, 수유실",447,,042-288-8301,36.28538043,127.3883000376
아쿠아리움,대전광역시 중구 보문산공원로 469(대사동),"휠체어, 유모차대여소, 보관소, 수유실, 고객지원센터",300,,042-226-2100,36.31005741,127.4209439
소요산관광지,경기도 동두천시 평화로2910번길 145,관리사무소+주차장+화장실,500,,031-860-2065,37.94652177,127.0693409
진하해수욕장,울산광역시 울주군 서생면 진하길 7,샤워실+화장실,300,,052-204-0353,35.3855388,129.3415755
영남알프스 복합웰컴센터,울산광역시 울주군 상북면 알프스온천5길 103-8,샤워실+화장실+주차장,250,,052-204-2931,35.55645417,129.0679842
외고산옹기마을,울산광역시 울주군 온양읍 외고산 3길 36,화장실+안내소,500,,052-204-0334,35.435094,129.2795067
울주 대곡리 반구대 암각화,울산광역시 울주군 언양읍 반구대안길 285,암각화박물관+주차장,200,,052-254-5724,35.60863087,129.172957
작괘천,울산광역시 울주군 상북면 등억알프스리 18-2,샤워실+급수대+화장실,2000,,052-204-2343,35.563321,129.061043
평택호관광단지,경기도 평택시 현덕면 평택호길 48,관리사무소+화장실(6동)+주차장(5개소) 등,724,,031-8024-8687,36.9148246,126.912951
무이예술관,강원도 평창군 봉평면 사리평길 233,화장실,5,,033-330-2746,37.61527594,128.348787
회상나루관광지,경상북도 상주시 중동면 갱다불길 97,관리사무소+주차장+화장실(2동)+상하수도,159,,054-537-7126,36.44187503,128.2657793
한탄강관광지,경기도 연천군 전곡읍 선사로 76,관리사무소+화장실+주차장,392,,031-839-2061,38.00887564,127.0588604
연천세계캠핑체험존 - 펜션,경기도 연천군 전곡읍 선사로 123,관리사무소+화장실+주차장,12,,031-835-7100,38.00737481,127.0621336
연천세계캠핑체험존 - 야영장,경기도 연천군 전곡읍 선사로 123,관리사무소+화장실+주차장+샤워실+세척실,25,,031-835-7100,38.00737481,127.0621336
연천재인폭포오토캠핑장,경기도 연천군 연천읍 현문로508번길 140,관리사무소+화장실+샤워장놀이터+수영장+농구장+족구장+야외무대+파크골프장+공원+카트레이싱장,140,,031-834-7271,38.06449679,127.1274965
푸른길공원,광주광역시 남구 주월동 434-2,주차장+화장실+관광안내소,50,,062-674-5877,35.12748017,126.8964923
운암제,광주광역시 북구 운암동 1181-76,주차장,10,,062-510-1225,35.18259552,126.8817752
속초해수욕장,강원도 속초시 해오름로 186(조양동),관리사무소+샤워탈의장+공중화장실+도로+주차장,550,,033-639-2544,38.1901471197,128.6035309974
척산온천,강원도 속초시 관광로 327(노학동),도로+주차장,350,,033-639-2544,38.190269,128.5407013430
설악한화리조트,강원도 속초시 미시령로2983번길 111(장사동),주차장+배수지+변전소+도로,2000,,033-639-2544,38.2103002728,128.5287215597
맹종죽테마공원,경상남도 거제시 하청면 거제북로 700,화장실,20,,055-637-0067,34.967708,128.650512
거제박물관,경상남도 거제시 거제대로 3791(옥포동),화장실,10,,055-687-6790,34.894071,128.686203
거제시농업개발원,경상남도 거제시 거제면 거제남서로 3577,화장실,50,,055-639-6421,34.856464,128.579187
거제요트학교,경상남도 거제시 일운면 지세포해안로 41,화장실,25,,055-682-1100,34.833694,128.701885
거제자연휴양림,경상남도 거제시 동부면 거제중앙로 325,화장실+ 샤워장+ 취사장,50,,055-639-8115,34.785699,128.625943
계도어촌체험마을,경상남도 거제시 사등면 가조로 837,화장실+ 샤워장+ 취사장,10,,055-632-2515,34.974872,128.517512
다대어촌체험마을,경상남도 거제시 남부면 다대5길 11,화장실+ 샤워장+ 취사장,10,,055-632-7506,34.73449995,128.630513
도장포어촌체험마을,경상남도 거제시 남부면 도장포1길 76,화장실+ 샤워장+ 취사장,78,,055-638-2202,34.743449,128.662475
절물자연휴양림,제주특별자치도 제주시 명림로 584(봉개동),관리사무실 1동(매표소)+방문자센터(전시실. 영상상영관)+물품보관실+공중화장실 2동+연못 2개소+어린이놀이터 3개소+주차시설(7.212㎡) 등,238,,064-728-1510,33.4400488067,126.6252034012
노루생태관찰원,제주특별자치도 제주시 명림로 520(봉개동),사무실 전시실+상시관찰원+사육동+관찰로+어린이놀이시설+파고라 등,92,,064-728-3611,33.4443253,126.6266934
제주별빛누리공원,제주특별자치도 제주시 선돌목동길 60(오등동),4D입체영상관. 천체투영실 천체관측실 전시실,100,,064-728-8900,33.4445529,126.5491863413
무주 덕유산 리조트,전라북도 무주군 설천면 만선로 185,화장실+주차장,10000,,063-320-2547,35.889797,127.731389
벽계야영장,경상남도 의령군 궁류면 벽계로 201,화장실+주차장+전기시설+통신시설+물놀이장+공연장,90,,055-570-2512,35.42604967,128.2080942
소래포구,인천광역시 남동구 포구로 2-9(논현동),화장실,0,,032-453-2140,37.3988308,126.7403795
소래습지생태공원,인천광역시 남동구 소래로 154번길 77(논현동),화장실+주차장,100,,032-453-2140,37.40736572,126.7463366
소래철교,인천광역시 남동구 포구로 2-9(논현동),전기시설,0,,032-453-2140,37.3988308,126.7403795
장도포대지,인천광역시 남동구 논현동 111-13,전기시설,0,,032-453-2140,37.39790186,126.7382687
소래역사관,인천광역시 남동구 아암대로 1605(논현동),화장실,0,,032-453-2140,37.39816347,126.7375992
우장춘기념관,부산광역시 동래구 우장춘로62번길 7(온천동),화장실,2,,051-550-6602,35.213515,129.0720181
장영실과학동산,부산광역시 동래구 동래역사관길 18(복천동),화장실(2동),50,,051-550-6604,35.20916308,129.0896688
풍암생활체육공원,광주광역시 서구 풍암동 30,주차장+화장실+운동시설,50,,062-360-7512,35.1308135,126.8834659
박차정의사생가,부산광역시 동래구 명륜로 98번길 129-10(칠산동),없음,0,,051-860-7880,35.20169645,129.090397
금강공원,부산광역시 동래구 우장춘로 155 (온천동),관리사무소+화장실+주차장,216,,051-860-7880,35.21962513,129.075758
허심청,부산광역시 동래구 온천장로107번길 32 (온천동),안내데스크+화장실+주차장,200,,051-550-2200,35.221157,129.0826889
복천박물관,부산광역시 동래구 복천로 63(복천동),안내데스크+화장실+주차장,30,,051-550-0311,35.20877662,129.0911741
충렬사,부산광역시 동래구 충렬대로 345,안내소+화장실(1동)+주차장,10,,051-523-4223,35.199577,129.0959922
해양자연사박물관,부산광역시 동래구 우장춘로 175 (온천동),안내소+화장실,0,,051-593-4944,35.2219498,129.075647
화암관광지,강원도 정선군 화암면 화암동굴길 12-13,도로주차장관리사무소화장실 등,500,,033-560-2145,37.35092374,128.7896216
아우라지 관광지,강원도 정선군 여량면 아우라지길 69,도로주차장관리사무소화장실 등,100,,033-560-2145,37.47574407,128.7243663
경천대관광지,경상북도 상주시 사벌국면 경천로 652,관리사무소+주차장+화장실(5동)+관광안내센터+상하수도,213,,054-537-7127,36.45722382,128.2478641
고싸움놀이테마공원,광주광역시 남구 고싸움로 2,화장실+주차장,200,,062-374-3839,35.06974381,126.8375167
광주광역시김치타운,광주광역시 남구 김치로 60,화장실+주차장,50,,062-613-8223,35.10966818,126.8666534
사직공원전망타워,광주광역시 남구 사직길 49 (사동),주차장+화장실+관광안내소,50,,062-613-6467,35.14189575,126.9118559
자연관광 광주광역시사직공원,광주광역시 남구 사직길 49 (사동),화장실+주차장,15,,062-675-3280,35.14189575,126.9118559
물빛근린공원,광주광역시 남구 효우로 107,화장실,0,,062-607-3814,35.10379015,126.9038526
영산강문화관,광주광역시 남구 승촌보길 90,화장실+주차장+관광안내소,100,,061-335-0866,35.06581966,126.761073
송산근린공원,광주광역시 광산구 박호동 576,화장실,0,,062-960-8711,35.16418346,126.7372941
광주광역시공원,광주광역시 남구 중앙로107번길 15,화장실+주차장,50,,062-613-6463,35.14707323,126.9100957
펭귄마을,광주광역시 남구 천변좌로 446번길 7,주차장+화장실+관광안내소,0,,062-607-4502,35.1400765,126.917036
빛고을농촌테마공원,광주광역시 남구 포충로 966-15,화장실+주차장,50,,062-607-3851,35.08429468,126.8679857
동명동동리단길,광주광역시 동구 동명동 143-30,주차장,0,,062-223-0066,35.14835833,126.926339
양산제(양산호수공원),광주광역시 북구 하서로 311,화장실,0,,062-510-1225,35.20276943,126.8736492
증심사,광주광역시 동구 증심사길 177,주차장+화장실+관광안내소,448,,062-226-0107,35.12884453,126.9700905
어린이문화원,광주광역시 동구 남동 4-8,화장실+주차장+관광안내소+매표소,0,,1899-5566,35.146915,126.920194
포충사,광주광역시 남구 포충로 767 (원산동),주차장+화장실,0,,062-613-3461,35.08945325,126.8484326
하정웅미술관,광주광역시 서구 상무대로 1165,화장실+주차장,0,,062-613-5390,35.15498216,126.8884415
광주광역시시립미술관,광주광역시 북구 하서로 52,화장실+주차장,0,,062-613-7100,35.18323305,126.8857358
수완호수공원,광주광역시 광산구 장신로82번길 57,화장실,0,,062-672-0660,35.18794733,126.8202489
국립아시아문화전당,광주광역시 동구 문화전당로 38,화장실+주차장+관광안내소+매표소,1000,,1899-5566,35.14691559,126.9199945
전통문화관,광주광역시 동구 의재로 222,주차장+화장실+관광안내소,24,,062-232-1502,35.1334851,126.9514045
광주광역시지산유원지,광주광역시 동구 지호로164번길 14-10,화장실+주차장,62,,062-221-2760,35.14875974,126.9468348
국립5.18민주묘지,광주광역시 북구 민주로 200,주차장+화장실+관광안내소,1000,,062-268-0158,35.23576619,126.9392544
5.18추모관,광주광역시 북구 민주로 200,화장실+주차장,100,,062-266-3599,35.23576619,126.9392544
광주광역시문화예술회관,광주광역시 북구 북문대로 60,화장실+주차장+매표소,200,,062-613-8364,35.178205,126.881993
광주광역시기아챔피언스필드,광주광역시 북구 서림로 10,주차장+화장실,1115,,070-7686-8000,35.16942496,126.8888055
광주광역시민속박물관,광주광역시 북구 서하로 48-25,화장실+주차장,20,,062-613-5337,35.18441617,126.8884364
전남대학교박물관,광주광역시 북구 용봉로 77,화장실+주차장,1000,,062-530-5114,35.17388133,126.911182
우치공원 동물원,광주광역시 북구 우치로 677,화장실+주차장+매표소,1172,,062-607-8000,35.22431388,126.8942421
녹색에너지체험관 광주광역시전남지역본부,광주광역시 북구 첨단과기로 123,화장실+주차장,100,,062-602-0001,35.22687915,126.8429479
광주광역시시민의숲,광주광역시 북구 추암로 190,화장실+주차장,40,,062-971-6467,35.23301946,126.8663369
광주광역시호호수생태원,광주광역시 북구 충효샘길 7,화장실+주차장+관광안내소,50,,062-613-7891,35.18421895,127.0011214
무등산풍암정,광주광역시 북구 풍암제길 117,화장실+관광안내소,0,,062-227-1187,35.16047529,126.9932106
중외공원 산책로,광주광역시 북구 하서로 50,화장실+주차장,50,,062-613-7124,35.18145609,126.8842789
광주광역시어린이대공원,광주광역시 북구 하서로 50,화장실+주차장,50,,062-613-5337,35.18145609,126.8842789
5.18자유공원,광주광역시 서구 치평동 1161-6,주차장+화장실+관광안내소,63,,062-376-5183,35.14939198,126.8396500015
전평제근린공원,광주광역시 서구 매월동 519-1,화장실+운동시설,100,,062-360-7512,35.11557813,126.8484198
을숙도 철새공원,부산광역시 사하구 낙동남로 1240(하단동),화장실,0,,051-209-2000,35.10449092,128.9459791
운천저수지,광주광역시 서구 쌍촌동 869-9,화장실,0,,062-360-7990,35.14717497,126.8562207
월봉서원,광주광역시 광산구 광곡길 133,화장실+주차장+관광안내소,20,,062-960-8255,35.235863,126.7451862
용진정사,광주광역시 광산구 왕동 3-4,화장실,20,,062-960-8114,35.19745908,126.7243872
황룡친수공원,광주광역시 광산구 선암동 241-31,화장실+주차장,50,,062-960-8114,35.14394537,126.774342
양산호수공원,광주광역시 북구 하서로 311,화장실,50,,062-510-1225,35.20276943,126.8736492
달맞이동산지구,부산광역시 해운대구 달맞이길 190,공중화장실 2동+관리사무소 1동+광장+도로+주차장,76,,051-749-4081,35.15768146,129.1825429
용문산 관광지,경기도 양평군 용문면 용문산로641,관리사무소+관광안내소+ 주차장+ 공중화장실,807,,031-770-2491,37.54529617,127.583066
두물머리,경기도 양평군 양서면 두물머리길 145,관리사무소+주차장+ 공중화장실,567,,031-770-2568,37.53362262,127.3174715
세미원,경기도 양평군 양서면 양수로 93,관리사무소+주차장+ 공중화장실,567,,031-770-2568,37.54093866,127.3239608
쉬자파크,경기도 양평군 양평읍 쉬자파크길 193,관리사무소+주차장+ 공중화장실,85,,031-770-2417,37.51122354,127.5331978
당항포관광지,경상남도 고성군 회화면 당항만로 1116,관리사무소+매표소(게이트)+화장실+샤워장+취사장+주차장+오수처리장,1572,,055-670-4501,35.0532261508,128.3920276219
장성호관광지,전라남도 장성군 북하면 백양로 591-4,관리사무소+화장실+주차장,200,,061-390-7252,35.41373254,126.8508186
홍길동테마파크,전라남도 장성군 황룡면 홍길동로 431,관리사무소+화장실+주차장,200,,061-390-8580,35.31862071,126.7265578
용호 Sea-Side 관광지,부산광역시 남구 용호동 산 205번지,주차장 969대,969,,051-607-4045,35.101225,129.120361
진주성,경상남도 진주시 남강로 626(본성동),진주성관리사업소+주차장+진주관광안내소+관광통역안내소+화장실,37,,055-749-5171,35.19043229,128.0802214
진양호,경상남도 진주시 남강로1번길 130(판문동),주차장+관광안내도+화장실,400,,055-749-5933,35.17660992,128.0362677
경상남도 수목원,경상남도 진주시 이반성면 수목원로 386,주자창+안내소+화장실+사업소,304,,055-254-3811,35.15719862,128.2957346
몰운대,부산광역시 사하구 몰운대1길 14(다대동),화장실,0,,051-220-4082,35.04638172,128.9680068
다대포 꿈의 낙조분수,부산광역시 사하구 몰운대1길 14(다대동),화장실,0,,051-220-5891,35.04638172,128.9680068
다대포해수욕장,부산광역시 사하구 몰운대1길 14(다대동),화장실,0,,051-220-4161,35.04638172,128.9680068
낙동강하구아미산전망대,부산광역시 사하구 다대낙조2길 77(다대동),화장실,0,,051-265-6863,35.05276243,128.9607468
을숙도 생태공원,부산광역시 사하구 낙동남로1233번길 25(하단동),화장실,0,,051-209-2000,35.11008837,128.9449571
감천문화마을,부산광역시 사하구 감내2로 203(감천동),화장실,0,,051-220-5922,35.09748815,129.0106077
서포리관광지,인천광역시 옹진군 덕적면 덕적남로606번길 3,"관리사무소,오수처리장, 샤워장,도로,주차장, 화장실",20,,032-899-2212,37.2232919,126.1169337
보은 삼년산성,충청북도 보은군 보은읍 성주1길 104,화장실+해설사의 집,50,,043-540-3408,36.48993999,127.7417752
보은 우당고택,충청북도 보은군 장안면 개안길 10-2,화장실+해설사의 집,10,,043-540-3393,36.46857583,127.7906134
속리산 법주사,충청북도 보은군 속리산면 법주사로 379,화장실+해설사의 집,150,,043-540-3393,36.53993659,127.8306346
동학농민혁명기념공원,충청북도 보은군 보은읍 동학로 236-22,화장실+해설사의 집,30,,043-540-3393,36.51567136,127.7591951
대천해수욕장,충청남도 보령시 머드로 123,화장실+샤워장+급수대+관광안내소+주차장+야영장,3209,,041-930-6810,36.31554012,126.5108563
무창포해수욕장,충청남도 보령시 웅천읍 열린바다1길 10,화장실+샤워장+급수대+관광안내소+주차장+야영장,647,,041-930-6802,36.24457737,126.5365426
간현관광지,강원도 원주시 지정면 소금산길 26,관리사무소+주차장+화장실+샤워장,268,,033-737-4765,37.36489327,127.832544
표충비,경상남도 밀양시 무안면 동부동안길4,화장실,50,,055-359-5639,35.471582,128.6520376
작원관지,경상남도 밀양시 삼랑진읍 검세리 135,화장실,50,,055-359-5639,35.3985485166,128.8665324986
예림서원,경상남도 밀양시 부북면 예림서원로128,화장실,50,,055-359-5639,35.46605971,128.7299691
밀양향교,경상남도 밀양시 밀양향교3길 19 (교동),화장실,50,,055-359-5639,35.50660573,128.7545381
밀양관아,경상남도 밀양시 중앙로348,화장실,50,,055-359-5639,35.49429512,128.754331
밀양영남루,경상남도 밀양시 중앙로324,화장실,50,,055-359-5639,35.49154522,128.755608
만어사,경상남도 밀양시 삼랑진읍 만어로776,화장실,50,,055-359-5639,35.454932,128.846222
쌍암공원,광주광역시 광산구 첨단중앙로182번길 39,화장실+주차장,50,,062-960-8114,35.22222807,126.8442514
대인예술시장,광주광역시 동구 독립로 284-2,화장실+주차장,200,,062-223-3001,35.15612043,126.9128901
상무시민공원,광주광역시 서구 치평동 1162,화장실+주차장,50,,062-360-7513,35.15422831,126.8420517
광주광역시월드컵경기장,광주광역시 서구 금화로 240,주차장+화장실,1000,,062-604-2002,35.13364608,126.874879
평화공원,광주광역시 서구 내방로 102,화장실+주차장,300,,062-365-4114,35.15654724,126.8516022
표충사,경상남도 밀양시 단장면 표충로1338,화장실,200,,055-359-5639,35.532294,128.959045
"목포근대역사관 1관 (구, 일본영사관)",목포시 영산로 29번길 6,화장실,0,,061-242-0340,34.7876957778,126.3817941784
"목포근대역사관 2관 (구,동양척식주식회사)",목포시 번화로 18,"화장실.주차장,여행자쉼터",30,,061-270-8728,34.7859637376,126.3814912397
성옥기념관,목포시 영산로 11,"화장실, 주차장, 라운지",10,,061-244-2527,34.7869857572,126.3798645070
구 동본원사 목포별원,목포시 영산로 75번길 5,주차장,45,,061-245-8832,34.7897003158,126.3842863497
유달산,목포시 유달로 180,"화장실,주차장,관광안내소",2000,,061-270-8359,34.7914299321,126.3759182609
서산동 시화골목,목포시 해안로127번길 14-2,"화장실, 주차장, 여행자쉼터",40,,061-270-8598,34.7817451946,126.3773176322
연희네슈퍼(영화 1987 촬영지),목포시 해안로127번길 14-2,"화장실, 주차장, 여행자쉼터",40,,061-270-8598,34.7817451946,126.3773176322
춤추는 바다분수,목포시 평화로 82,"화장실, 주차장, 관광안내소",80,,061-270-8580,34.7966621284,126.4337908816
목포해상케이블카,목포시 해양대학로 240,"화장실, 주차장, 매표소,관광안내소, 기념품판매점, 푸드코트",848,,061-244-2600,34.7994017882,126.3700238930
삼학도크루즈,목포시 삼학로 92번길 104,"화장실, 주차장, 매표소, 휴게실",100,,061-245-3222,34.7810157076,126.3879310309
김대중노벨평화상기념관,목포시 삼학로 92번길 68,"화장실, 주차장, 기념품판매점",10,,061-245-5660,34.7828517737,126.3922505599
목포자연사박물관,목포시 남농로 135,"화장실, 주차장, 기념품판매점",450,,061-274-3655,34.7939106668,126.4225029615
갓바위,목포시 남농로 135,공중화장실,60,,061-273-0536,34.7921900744,126.4257403548
부석사관광지,경상북도 영주시 부석면 부석사로 298,관광안내소+광장+화장실+보행자도로 등,540,,054-639-6617,36.99435088,128.6797054
인천가스과학관,인천광역시 연수구 인천신항대로960,주차장 + 화장실 + 상하수도시설 + 전기시설 + 통신시설,100,,032-822-4492,37.35281836,126.6121219
인천상륙작전기념관,인천광역시 연수구 청량로160번길 26,주차장 + 화장실 + 상하수도시설 + 전기시설 + 통신시설,50,,032-832-0915,37.42070925,126.6531798
컴팩스마트시티,인천광역시 연수구 인천타워대로 238,주차장 + 화장실 + 상하수도시설 + 전기시설 + 통신시설,70,,032-850-6000,37.39281227,126.6358879
가천박물관,인천광역시 연수구 청량로102번길 40-9,주차장 + 화장실 + 상하수도시설 + 전기시설 + 통신시설,21,,032-833-4747,37.41847997,126.6576026
율포해수욕장,전라남도 보성군 회천면 우암길 24,관광안내소+화장실+샤워실+주차장,100,,061-850-5448,34.6700298,127.0890226
레인보우힐링관광지,충청북도 영동군 영동읍 매천리 산 35-1,"영동와인터널, 와인연구소, 과일나라테마공원, 웰니스단지, 문화예술회관, 광장, 콘도, 연수원, 상가시설 등",450,,043-740-3523,36.1563534107,127.7865136910
송호관광지,충청북도 영동군 양산면 송호로 105,관리사무소+주차장+화장실+음수대,310,,043-740-3228,36.12969079,127.676367
오월드,대전광역시 중구 사정공원로 70,Y,1913,,042-580-4820,36.28749807,127.3985061
뿌리공원,대전광역시 중구 뿌리공원로 79,Y,447,,042-228-8310,36.28537962,127.3883000376
엑스포과학공원,대전광역시 유성구 대덕대로 480,Y,200,,042-250-1111,36.37662561,127.3871992
한밭수목원,대전광역시 서구 둔산대로 169,Y,465,,042-270-8464,36.36646857,127.3880154
계족산황톳길,대전광역시 대덕구 장동로 59,Y,25,,042-623-9909,36.40406651,127.4297932
대청호반,대전광역시 대덕구 대청로 607,Y,0,,042-930-7240,36.47362538,127.4735679
장태산휴양림,대전광역시 서구 장안로 461,Y,472,,042-270-7883,36.21596913,127.3412778
대전둘레산길,대전광역시 중구 보문산공원로 440,Y,0,,042-270-5583,36.30879672,127.4231236
동춘당,대전광역시 대덕구 동춘당로 80,Y,30,,042-607-6575,36.36537889,127.4412933
대전문화예술단지,대전광역시 서구 둔산대로 169,Y,751,,042-270-8333,36.366496,127.3880154
으능정이문화의거리,대전광역시 중구 중앙로 170,Y,355,,042-252-7100,36.32934665,127.428337
유성온천,대전광역시 유성구 계룡로60,Y,0,,042-611-2114,36.3547298,127.3375865
유니온파크,경기도 하남시 미사대로 710,도로+주차장+관리사무소+화장실,237,,031-790-6255,37.54654783,127.2205032
광주향교,경기도 하남시 대성로 126-13,공중화장실,45,,031-790-6145,37.52207622,127.1984175
이성산성,경기도 하남시 춘궁동 산 36,주차장+화장실+공원,35,,031-790-6145,37.52530687,127.1847777
팔공산 하늘정원,경상북도 군위군 부계면 동산리 산 74-18,"정자, 탐방로",10,,054-380-7943,36.0238129761,128.6967605094
김수환 추기경 사랑과 나눔 공원,경상북도 군위군 군위읍 군위금성로 270,공원,20,,054-380-6064,36.2324488883,128.5996129470
사라온 이야기 마을,경상북도 군위군 군위읍 동서길 49,관리사무소+주차장,70,,054-380-7216,36.2361553599,128.5677327961
금정산,부산광역시 금정구 범어사로 250,금정구 홈페이지 참고,100,,051-519-4081,35.2830426366,129.0676207876
범어사,부산광역시 금정구 범어사로 250,금정구 홈페이지 참고,100,,051-519-4081,35.28304308,129.0676212
회동수원지,부산광역시 금정구 오륜대로258,금정구 홈페이지 참고,20,,051-519-4081,35.24707332,129.115753
서동미로시장,부산광역시 금정구 서동로141번길 16,금정구 홈페이지 참고,20,,051-519-4081,35.21586987,129.102466
스포원파크,부산광역시 금정구 체육공원로399번길 324,금정구 홈페이지 참고,100,,051-519-4081,35.28912108,129.1070434
한국이슬람부산성원,부산광역시 금정구 금단로 113-13,금정구 홈페이지 참고,100,,051-519-4081,35.25998626,129.0922564
요산문학관,부산광역시 금정구 팔송로 60-6,금정구 홈페이지 참고,100,,051-519-4081,35.27236562,129.085732
오륜대한국순교자박물관,부산광역시 금정구 오륜대로 106-1,금정구 홈페이지 참고,100,,051-519-4081,35.24570172,129.1009016
부산대젊음의거리,부산광역시 금정구 장전온천천로 51,금정구 홈페이지 참고,100,,051-519-4081,35.229587,129.0888177
금정산성마을,부산광역시 금정구 산성로 452,금정구 홈페이지 참고,100,,051-519-4081,35.250339,129.0561338
삽교호관광지,충청남도 당진시 신평면 삽교천3길 100,"공중화장실, 테마과학관, 근린공원",728,,041-350-3601,36.88890544,126.8247541
왜목마을관광지,충청남도 당진시 석문면 왜목길 15-5,"공중화장실, 공연장, 전망대",150,,041-350-3601,37.04493276,126.5246154
난지섬관광지,충청남도 당진시 석문면 난지1길 67,"공중화장실, 공연장, 전망대",150,,041-350-3601,37.047036,126.4242087
유당공원,전라남도 광양시 광양읍 백운로 14,주차장,1000,,061-797-4979,34.97010442,127.5924243
서천무지개분수대,전라남도 광양시 광양읍 칠성리 729,"주차장, 화장실",1000,,061-797-4979,34.9735109015,127.5756853563
장도전수관,전라남도 광양시 광양읍 매천로 771,"화장실, 주차장, 기념품 판매소",1000,,061-763-0510,34.97705608,127.5805515
도립미술관,전라남도 광양시 순광로 680-4,"화장실, 주차장, 기념품 판매소",1000,,061-797-2227,34.96887104,127.5903033
광양와인동굴,전라남도 광양시 광양읍 강정길 33,"화장실, 주차장, 기념품, 특산품 판매소, 매표소",1000,,061-794-7788,34.96130264,127.6085909
광양역사문화관,전라남도 광양시 광양읍 매천로 829,"화장실, 주차장",1000,,061-797-1985,34.9757671,127.5859802
사라실 라벤더 단지,전라남도 광양시 주암면 문길리 산 20-2,"화장실, 주차장, 기념품 판매소, 매표소",1000,,061-762-0723,35.04162939,127.270748
사라실 예술촌,전라남도 광양시 사곡로 201,"화장실, 주차장",1000,,061-797-2734,34.962211,127.626222
광양 마로산성,전라남도 광양시 사곡리 산 254,"화장실, 주차장",1000,,061-797-2418,34.966742,127.619496
광양 궁시장,전라남도 광양시 광양읍 구산리 716,"화장실, 궁시 체험장",1000,,061-763-1154,34.98778794,127.5865036
매천황현생가,전라남도 광양시 봉강면 서석길 14-3,화장실,1000,,061-797-2418,34.99341564,127.561707
해달별천문대,전라남도 광양시 봉강면 하조길 91-20,"화장실, 천문대",1000,,061-762-5393,35.07478024,127.5540516
백운산자연휴양림,전라남도 광양시 옥룡면 백계로 33,"화장실, 주차장, 매표소, 매점",1000,,061-797-4705,35.05645795,127.5976491
광양 옥룡사지,전라남도 광양시 옥룡면 추산리 산 35-1,"화장실, 주차장",1000,,061-797-2418,35.0470172106,127.6085305038
국사봉랜드,전라남도 광양시 옥곡면 대치로 433,"화장실, 주차장, 매점, 매표소",1000,,061-794-8724,35.00642478,127.6525399
기독교선교100주년기념관,전라남도 광양시 진상면 성지로 399,"주차장, 화장실",1000,,061-772-7441,35.04305027,127.6604508
섬진강 망덕포구,전라남도 광양시 진월면 망덕길 171,"주차장, 화장실",1000,,061-772-4066,34.96787088,127.7579265
윤동주 유고 보존 정병욱 가옥,전라남도 광양시 진월면 망덕길 249,화장실,1000,,061-797-2418,34.97075423,127.759122
광양매화문화관,전라남도 광양시 다압면 지막1길 21,"화장실, 주차장, 매점",1000,,061-797-3363,35.07665864,127.7180474
느랭이골자연리조트,전라남도 광양시 토끼재길 119-32,"화장실, 주차장, 매점, 매표소",1000,,1588-2704,35.06003247,127.7114041
구봉산전망대,전라남도 광양시 구봉산전망대길 155,"화장실, 주차장",1000,,061-797-2296,34.93646837,127.6427008
광양항해양공원,전라남도 광양시 중동 1894,"화장실, 주차장",1000,,061-797-3363,34.9212775101,127.6939636136
무지개다리,전라남도 광양시 금호동 625-1,"화장실, 주차장",1000,,061-797-3363,34.9367985668,127.715141
해오름육교,전라남도 광양시 마동 1125,"화장실, 주차장",1000,,061-797-3363,34.9344266195,127.7061606362
배알도수변공원,전라남도 광양시 태인동 1632-13,"화장실, 주차장",1000,,061-797-3363,34.959931,127.7601849287
광양 김 시식지,전라남도 광양시 김시식지1길 57-6,"화장실, 주차장",1000,,061-797-2418,34.94697848,127.7519933
능강관광지,충청북도 제천시 수산면 옥순봉로 1248,주차장+관광정보안내소+관리사무소+오수처리장+정배수장+순환도로+전용상수도,300,,043-641-6712,36.9900227746,128.1956763721
금월봉관광지,충청북도 제천시 금성면 청풍호로 1316,관리사무소+주차장+공중화장실+오수처리장+정수장(배수지)+도로+이벤트광장+변전소,300,,043-641-6712,37.04384263,128.1736527
계산관광지,충청북도 제천시 청풍면 계산리 9-4번지,주차장+도로+배수지오수처리장,0,,043-641-6712,37.017861,128.130911
만남의광장,충청북도 제천시 청풍면 청풍호로50길 6,도로+광장+공용주차장+매표소(매점)+화장실,264,,043-641-6712,37.01083356,128.1811895
제천 성내관광지,충청북도 제천시 금성면 청풍호로 1482,도로+광장+주차장+관리동+화장실,0,,043-641-6712,37.03366403,128.1751729
제천온천관광지,충청북도 제천시 수산면 내리 산24번지,관리사무소+도로+주차장+오수처리장+배수지,0,,043-641-6712,36.9218335179,128.1819713620
교리관광지,충청북도 제천시 청풍면 청풍호로 1798,오수정화조+정배수장+소각장+공중화장실+주차장+도로,200,,043-641-6712,37.0165671698,128.1768531473
치산관광지,경상북도 영천시 신녕면 신암길 17,"공중화장실, 주차장",281,,054-330-6582,36.0469328129,128.7128209679
자갈치시장,부산광역시 중구 자갈치해안로 52,화장실+주차장,0,,051-245-2594,35.09661444,129.0305818
40계단테마거리,부산광역시 중구 대청로135번길 13,공중화장실,0,,051-600-4046,35.10397225,129.0346287
BIFF광장,부산광역시 중구 비프광장로 36,공중화장실,0,,051-600-4084,35.09862035,129.0287588
영도대교,부산광역시 중구 태종로 8,공중화장실,0,,051-780-0062,35.09725344,129.035681
보수동책방골목,부산광역시 중구 대청로 57-1,화장실,0,,051-743-7650,35.10323904,129.0263248
용두산공원,부산광역시 중구 용두산길 37-55,화장실,0,,051-860-7820,35.1009305,129.0324434
광복로,부산광역시 중구 광복중앙로 1,"화장실, 공영주차장",0,,051-600-4084,35.09947039,129.0311659
부산영화체험박물관,부산광역시 중구 대청로126번길 12,"화장실, 공영주차장",0,,051-715-4200,35.10169342,129.033594
장계관광지,충청북도 옥천군 안내면 장계1길 57-1,향토전시관(관리실)+화장실(3동)+주차장,250,,043-730-3721,36.37728877,127.6356203
예술의전당,서울특별시 서초구 남부순환로 2406,오페라글라스+물품보관소+키즈라운지+수유실+주차요금+사전정산기+은행ATM,1212,,02-580-1300,37.4802402,127.0142152
국립국악원,서울특별시 서초구 남부순환로 2364,화장실+주차장+카페,227,,02-580-3300,37.47771881,127.0098185
헌인릉,서울특별시 서초구 헌인릉길 36-10,화장실+주차장,20,,02-440-0347,37.46537744,127.0837156
매헌 윤봉길의사 기념관,서울특별시 서초구 매헌로 99,화장실+주차장,50,,02-577-9932,37.4730498,127.0369771
고투몰,서울특별시 서초구 신반포로200,화장실,0,,02-535-8182,37.50622031,127.0050517
"세빛섬, 반포대교 달빛무지개분수",서울특별시 서초구 올림픽대로683,화장실+주차장,635,,1566-3433,37.5124362,126.9959623
삼성딜라이트,서울특별시 서초구 서초대로74길 11,화장실,888,,02-2255-2277,37.4966085,127.0269023
미당서정주의 집,서울특별시 관악구 남부순환로 256 나길 4,화장실,0,,02-879-5607,37.4734032,126.973367
강감찬전시관,서울특별시 관악구 낙성대로 77 낙성대공원내,없음(공원화장실 이용),0,,02-879-5619,37.47197208,126.959371
구문소 관광지,강원도 태백시 동태백로11(동점동),주차장+도로)+공중화장실+다목적공원+자연사박물관,150,,033-550-1360,37.0929806,129.042284
무릉계곡,강원도 동해시 삼화로 584,관리사무소(1동)+주차장(4개소)+화장실(6개소)+관광안내소(1동)+전기시설+통신시설+상하수도시설,584,,033-530-2234,37.463551,129.014511
망상,강원도 동해시 동해대로 6270-10,관리사무소(3)+주차장(6)+샤워장(2)+화장실(5)+관광안내소(1)+전기시설+통신시설+상하수도시설,1000,,033-530-2234,37.59225327,129.0896922
추암,강원도 동해시 촛대바위길 28,관리사무소(1)+주차장(2)+샤워장(1)+화장실(2)+관광안내소(1)+전기시설+통신시설+상하수도시설,331,,033-530-2234,37.477063,129.159196
천지연폭포,제주특별자치도 서귀포시 남성중로 2-15(서홍동),관리사무소+화장실(3동)+주차장,181,,064-760-6301,33.2447447,126.5595511
정방폭포,제주특별자치도 서귀포시 칠십리로214번길 37(동홍동),관리사무소+화장실(1동)+주차장,95,,064-760-6341,33.24474912,126.5730486
중문대포주상절리대,제주특별자치도 서귀포시 이어도로 36-30(중문동),관리사무소+화장실(1동)+주차장,80,,064-760-6351,33.23799399,126.4260174
천제연폭포,제주특별자치도 서귀포시 천제연로 132(중문동),관리사무소+화장실(1동)+주차장,141,,064-760-6331,33.2526783,126.4183754
산방산,제주특별자치도 서귀포시 안덕면 산방로 218-11,관리사무소+화장실(1동)+주차장,26,,064-760-6324,33.23697818,126.312306
용머리해안,제주특별자치도 서귀포시 안덕면 사계리 112-3,관리사무소+화장실(2동)+주차장,123,,064-760-6324,33.2336990988,126.3146297339
감귤박물관,제주특별자치도 서귀포시 효돈순환로 441(신효동),관리사무소+화장실(실내 3. 야외 2)+주차장,88,,064-760-6400,33.27159304,126.6074285
통일전망대,강원도 고성군 현내면 금강산로 481,화장실+주차장,320,,033-682-0088,38.5143860898,128.4167029557
화진포역사안보전시관,강원도 고성군 거진읍 화진포길 280,화장실+주차장,60,,033-682-0500,38.4725051545,128.4430601817
화진포해양박물관,강원도 고성군 현내면 화진포길 412,화장실+주차장,100,,033-680-3361,38.481345,128.435682
화진포 생태박물관,강원도 고성군 거진읍 화진포길 256,화장실+주차장,20,,033-680-3361,38.4721873756,128.4436213784
송지호 관망타워,강원도 고성군 죽왕면 동해대로 6021,화장실+주차장,50,,033-680-3361,38.3362361505,128.5175988538
송도해상케이블카,부산광역시 서구 송도해변로 171,화장실+주차장,892,,051-240-4701,35.07664334,129.0233986
송도해수욕장,부산광역시 서구 송도해변로 100,화장실,1047,,051-240-4127,35.07682117,129.0180502
암남공원,부산광역시 서구 암남공원로 185,화장실,341,,051-240-4538,35.0616574,129.0149368
구덕문화공원,부산광역시 서구 꽃마을로 163번길 73,화장실,16,,051-240-3521,35.12641369,129.005742
송도해안산책로,부산광역시 서구 암남공원로 185,해당없음,0,,051-240-4532,35.0616574,129.0149368
대신공원,부산광역시 서구 대신공원로 37-18,화장실,110,,051-860-7800,35.121591,129.0161785
부산공동어시장,부산광역시 서구 충무대로 202,화장실,482,,051-254-8961,35.08990091,129.0263675
천마산조각공원,부산광역시 서구 천마산로 209번길 94,화장실,0,,051-240-3521,35.08903987,129.0174786
양산타워,경상남도 양산시 동면 강변로 264-1,https://www.yangsan.go.kr/yangsantower/main.do,70,,055-367-9026,35.32782588,129.0276012
구덕운동장,부산광역시 서구 망양로 57 (씨름체육관 서구 꽃마을로 156번길12),화장실,182,,051-602-2211,35.11659638,129.0145297
임시수도기념관,부산광역시 서구 임시수도기념로 45,화장실,18,,051-244-6345,35.10374876,129.0175954
송도오션파크,부산광역시 서구 송도해변로 36,화장실+주차장,88,,051-240-4081,35.0727182987,129.0174476720
세계무술공원,충청북도 충주시 남한강로 24,"종합안내소, 주차장, 도로, 야외화장실",718,,043-850-6751,36.98782919,127.9055691
충주호체험,충청북도 충주시 중앙탑면 중앙탑길 150,"주차장, 도로, 화장실",285,,043-850-6731,37.02308256,127.8619229
능암온천,충청북도 충주시 앙성면 새바지길 37,도로,100,,043-850-6742,37.09370046,127.802172
충온온천,충청북도 충주시 앙성면 산전장수1길 103,도로,165,,043-850-6742,37.10173095,127.7962316
김해가야테마파크,경상남도 김해시 가야테마길 161,"일반음식점, 화장실, 공연장, 주차장 등",281,,055-330-3901,35.25163508,128.8937494
김해낙동강레일파크,경상남도 김해시 생림면 마사로473번길 41,"전망대, 열차카페, 주차장, 화장실 등",210,,055-330-3901,35.37177644,128.8208387
가야랜드,경상남도 김해시 인제로 368(삼방동),"음식점, 화장실, 주차장, 의무실 등",398,,055-330-3241,35.25817158,128.9024348
김해천문대,경상남도 김해시 가야테마길 254(어방동),"사무실, 관측실, 휴게실, 화장실, 주차장 등",13,,055-330-3901,35.25306424,128.887298
롯데워터파크,경상남도 김해시 장유로 555(신문동),"음식점, 화장실, 주차장, 의무실 등",732,,055-330-3241,35.17891121,128.8285605
클레이아크,경상남도 김해시 진례면 진례로 275-51,"전시관, 체험관, 커피숍, 도자점, 화장실, 주차장",203,,055-330-3211,35.25086479,128.7447968
김해한옥체험관,경상남도 김해시 가락로93번길 40(봉황동),"음식점, 화장실, 숙박시설",10,,055-330-3211,35.23436297,128.8766847
노무현대통령생가,경상남도 김해시 진영읍 봉하로111번길 16,"화장실, 주차장, 카페테리아 등",240,,055-330-3901,35.31448783,128.7701595
수로왕릉,경상남도 김해시 가락로93번길 26(서상동),"화장실, 주차장, 안내소 등",38,,055-330-7313,35.23487875,128.8772054
부경동물원,경상남도 김해시 유하로226번길 70,"음식점 , 화장실, 주차장 등",30,,055-330-3241,35.2203238,128.8197957
실안관광지,경상남도 사천시 노을길 138,"숙박시설, 상가시설, 휴양문화시설, 화장실, 주차장, 전기시설, 상하수도시설",150,,055-831-2731,34.94398447,128.0399764
내원사계곡(내원사),경상남도 양산시 하북면 내원로 207,http://naewonsa.net,300,,055-374-6466,35.44578536,129.1104508
대운산자연휴양림,경상남도 양산시 탑골길 270,https://www.foresttrip.go.kr/indvz/main.do?hmpgId=ID02030038,192,,055-366-9566,35.41784975,129.2088996
법기수원지,경상남도 양산시 동면 법기로 198-13,-,110,,055-392-5379,35.34825271,129.1079758
양산시립박물관,경상남도 양산시 북정로 78,http://www.yangsan.go.kr/museum/main.do,82,,055-392-3313,35.35849531,129.0490358
에덴밸리,경상남도 양산시 원동면 어실로 1206,http://www.edenvalley.co.kr/CS/view.asp?BoardPID=12715&ConfigPID=1&location=1*12715,1400,,055-379-8000,35.42905699,128.9844663950
임경대,경상남도 양산시 원동면 원동로 285,http://www.yangsan.go.kr/tour/spot/view.do?mId=0102000000&idx=13,30,,055-392-2563,35.32243455,128.9778074
통도사,경상남도 양산시 하북면 통도사로 108,http://tongdosa.or.kr/index.php,1500,,055-382-7182,35.4754091197,129.0563671778
통도환타지아,경상남도 양산시 하북면 통도7길 68,"http://www.fantasia.co.kr/r01uinfo/uinfo03.htm, http://www.fantasia.co.kr/r02pguide/pguide03.htm",2100,,055-379-7000,35.4999923953,129.0831298922
홍룡폭포(홍룡사),경상남도 양산시 상북면 홍룡로 372,https://www.yangsan.go.kr/tour/spot/view.do?mId=0102000000&idx=20,150,,055-375-4177,35.3969996748,129.0864895
황산공원,경상남도 양산시 물금읍 낙동로 295-19,https://hwangsanpark.yangsan.go.kr/main.do,1000,,055-392-2823,35.3017308251,128.9895949139
달성토성마을,대구광역시 서구 국채보상로 83길 21 (비산동) 일대,행복한 날뫼골 공방,26,,053-663-2184,35.87331563,128.5753765
방화동가족휴가촌,전라북도 장수군 번암면 방화동로 778,"관리사무실, 주차장, 화장실, 샤워실, 취사장",200,,063-350-2475,35.59064179,127.5268761
보문관광단지,경상북도 경주시 보문로 446,"도로, 동사무소, 파출소, 소방서, 우체국, 물레방아광장 등",540,,054-779-6084,35.843673,129.2869659
남한산성,경기도 광주시 남한산성면 남한산성로 731,주차장+화장실,945,,031-8008-5155,37.47669636,127.1884165
분원백자자료관,경기도 광주시 남종면 산수로 1642-1,주차장+화장실,0,,031-799-1500,37.49625742,127.3034492
천진암,경기도 광주시 퇴촌면 천진암로 1203,주차장+화장실,100,,031-764-5953,37.42357313,127.3883989
경기도자박물관,경기도 광주시 곤지암읍 경충대로 727,주차장+화장실+공원,482,,031-799-1500,37.35028421,127.3347877
경안천습지생태공원,경기도 광주시 퇴촌면 산수로 1159,주차장+화장실,115,,031-760-3763,37.45920014,127.3051169
팔당물안개공원,경기도 광주시 남종면 산수로 1897,주차장+화장실+공원,300,,031-760-4483,37.50956344,127.3174613
중대물빛공원,경기도 광주시 순암로 307,주차장+화장실+공원,100,,031-760-3763,37.40272258,127.218054
산정호수,경기도 포천시 영북면 산정호수로411번길 5 일원,"관리사무실, 화장실, 주차장",500,,031-538-3363,38.065669,127.315722
백운계곡,경기도 포천시 이동면 포화로 236-24 일원,"관리사무실, 화장실, 주차장",100,,031-538-3363,38.072165,127.409889
